disease	taxon_rank_level	ncbi_taxon_id	samples	abus_mean	abus_median	abus_sd
D006262	genus	-1	29832	25.52508802	19.17918753	22.8246523
D006262	genus	816	26565	14.55713368	8.475229152	16.78211938
D006262	genus	216851	23886	6.755514137	4.868116487	7.215789902
D006262	genus	572511	23496	3.942789751	2.409437598	5.211787883
D006262	genus	1678	23268	7.053836543	1.937408835	13.92498997
D006262	genus	2316020	22696	2.002558371	0.895588786	4.345681692
D006262	genus	1485	22252	1.908102124	0.683046472	6.429861196
D006262	genus	375288	21938	1.81222469	1.058260761	3.208048979
D006262	genus	1730	21824	2.234545788	0.881090264	3.248396481
D006262	genus	239759	21133	4.247330534	2.238280671	6.308965003
D006262	genus	1301	21094	1.618758502	0.323655405	5.489245289
D006262	genus	1263	20434	2.805279887	1.422517577	4.073533877
D006262	genus	207244	20364	1.346722118	0.703045455	2.033439558
D006262	genus	189330	20101	1.071954541	0.65986	1.465704176
D006262	genus	1407607	19804	1.459642723	0.770885249	2.294777358
D006262	genus	841	19568	2.143885196	1.158544942	2.972982652
D006262	genus	28050	18894	1.412043253	0.703456363	2.375509932
D006262	genus	102106	17957	1.303860166	0.45653115	3.315494385
D006262	genus	33042	17487	1.163980691	0.639238354	1.874491535
D006262	genus	459786	16879	1.123792258	0.446679978	2.071543698
D006262	genus	35832	16359	1.133166559	0.191048035	7.615730958
D006262	genus	283168	15898	0.478729989	0.261901292	1.167760146
D006262	genus	946234	15301	0.399211064	0.139850014	1.009025771
D006262	genus	33024	14900	1.613203239	0.829143628	4.016689623
D006262	genus	40544	14439	1.409489003	0.711880712	2.671373765
D006262	genus	1501226	14076	0.725240842	0.166837502	2.575271626
D006262	genus	39948	13229	2.122759786	1.035749482	4.740596175
D006262	genus	1506553	12818	0.626010989	0.20814848	1.511529783
D006262	genus	29465	12750	1.981553884	0.167972801	6.711995469
D006262	genus	577310	12735	0.762157223	0.241136601	2.236560712
D006262	genus	909656	12175	9.921698794	5.91043346	11.52790102
D006262	genus	239934	12173	2.735326279	0.512291129	8.333211671
D006262	genus	397864	12133	0.850064147	0.484085189	1.337125237
D006262	genus	838	11710	9.142098654	1.936628983	15.59180133
D006262	genus	1505657	11381	0.422561434	0.128560013	1.059071921
D006262	genus	574697	11290	0.326979033	0.14319298	1.135884507
D006262	genus	580596	10817	0.529560059	0.281491907	0.772289135
D006262	genus	2039302	10345	0.548976198	0.276325616	1.10505589
D006262	genus	2048137	10301	0.324704182	0.19161	0.665029131
D006262	genus	292632	10293	3.222453718	1.760371179	5.205170265
D006262	genus	84111	10108	0.282962232	0.087761102	1.115709193
D006262	genus	204475	9781	1.234815669	0.631451893	2.083950017
D006262	genus	2591381	9690	0.298496637	0.155029953	0.466679363
D006262	genus	1392389	9512	0.163640522	0.051889664	0.320041759
D006262	genus	2569097	9469	0.689353722	0.46197	1.292922917
D006262	genus	2981631	9428	0.547290431	0.165607672	1.055279741
D006262	genus	1905344	9293	0.248869301	0.058550006	1.245116274
D006262	genus	1980681	9117	0.218822111	0.079286422	0.475670364
D006262	genus	2527773	9109	1.281035743	0.605339697	1.9794579
D006262	genus	2719313	9066	0.2893048	0.087365391	0.804709534
D006262	genus	61170	8986	0.06262675	0.024310925	0.186566223
D006262	genus	2005359	8694	0.262856015	0.072798527	1.200388763
D006262	genus	1766253	8375	2.76120926	1.514392991	4.373804659
D006262	genus	447020	8371	0.185887776	0.06503903	0.725842851
D006262	genus	2719231	8315	0.187424842	0.084540025	0.326746271
D006262	genus	191303	7781	0.285770779	0.063431652	1.281310056
D006262	genus	1654	7730	0.189438425	0.030790982	1.178768963
D006262	genus	2172004	7727	0.151505336	0.060080018	0.302462379
D006262	genus	2892396	7627	0.393251	0.144897498	0.787370078
D006262	genus	577309	7415	0.880326568	0.365676817	2.748303662
D006262	genus	561	7371	1.979632676	0.091790652	7.856824461
D006262	genus	244127	7346	0.081137222	0.016834582	0.513317091
D006262	genus	596767	7330	0.055023671	0.034250868	0.170260794
D006262	genus	2678885	7276	0.358601425	0.143290029	0.841909094
D006262	genus	2039240	7091	0.182688621	0.086119991	0.318063905
D006262	genus	724	7074	0.50605339	0.078408315	2.217130298
D006262	genus	1573535	6962	1.189372369	0.448233088	3.023555143
D006262	genus	872	6888	0.462801631	0.203910946	1.231000022
D006262	genus	1348911	6842	0.212604061	0.077114382	0.62952882
D006262	genus	2944193	6688	0.582117216	0.102801452	1.562790896
D006262	genus	1505663	6413	0.414404926	0.05849502	1.75858217
D006262	genus	2944200	6163	0.083759506	0.036899985	0.144870806
D006262	genus	906	6044	1.884682245	0.450171593	5.183650667
D006262	genus	2815777	5981	0.37853713	0.16034008	0.619040626
D006262	genus	1649459	5855	0.355564191	0.047007774	2.227447344
D006262	genus	1017280	5839	0.084966007	0.016252223	0.261888603
D006262	genus	1506577	5786	0.620681114	0.183534965	1.62353537
D006262	genus	644652	5664	0.092323004	0.02510596	0.878172333
D006262	genus	1473205	5554	0.309602041	0.095310428	1.076764144
D006262	genus	2211178	5370	0.182759797	0.116505654	0.22547614
D006262	genus	1980693	5366	0.257611511	0.103189953	0.711238658
D006262	genus	84108	5265	0.207064719	0.074178735	0.438505063
D006262	genus	32207	5220	0.432563679	0.026663365	2.910448984
D006262	genus	2974251	5171	16.57823176	6.841883637	20.68804716
D006262	genus	3025755	5140	1.057066113	0.155856617	5.697665097
D006262	genus	1432051	5112	0.209185239	0.048377004	0.540436491
D006262	genus	158846	5045	3.998620792	0.953375996	9.65322164
D006262	genus	1350	4979	1.775284336	0.177230018	6.997465436
D006262	genus	1769710	4894	0.333948569	0.130964262	0.563937664
D006262	genus	848	4571	1.368395114	0.206019605	4.823300499
D006262	genus	570	4358	2.164520092	0.194054378	7.978274138
D006262	genus	1578	4302	0.685285264	0.064674162	3.479488706
D006262	genus	2172	4176	1.540403217	0.195412772	7.196514352
D006262	genus	1357	4151	0.418968245	0.039129988	3.555131954
D006262	genus	2005473	4031	1.333536005	0.39714554	3.938502918
D006262	genus	904	3945	0.873241012	0.331374265	1.670405024
D006262	genus	172900	3943	0.132761293	0.03951998	0.414352356
D006262	genus	2944152	3917	0.897446473	0.30347	1.52126759
D006262	genus	1378	3898	0.093001276	0.020139998	0.358696915
D006262	genus	2529408	3854	0.047146029	0.014370001	0.213199919
D006262	genus	135858	3835	2.088120406	0.500941096	7.073977309
D006262	genus	209879	3794	0.153382952	0.049007949	0.426831053
D006262	genus	990721	3793	0.03587237	0.008569592	0.281099847
D006262	genus	1924093	3705	0.043265099	0.013118463	0.14411471
D006262	genus	2944198	3652	0.013215283	0.006630877	0.022331502
D006262	genus	1940255	3628	0.134257222	0.034357207	0.435428282
D006262	genus	2767887	3451	1.097951043	0.180340018	3.652923454
D006262	genus	2944148	3126	0.014664097	0.007125001	0.044563426
D006262	genus	86331	3092	0.140499043	0.011040002	0.496579249
D006262	genus	1926663	3054	0.017062619	0.007127248	0.04126219
D006262	genus	1279	2908	2.540179984	0.239470235	8.742938355
D006262	genus	117563	2818	0.062969318	0.007551137	0.364580969
D006262	genus	1283313	2817	2.041531178	0.608937047	4.151432271
D006262	genus	100883	2782	0.134823927	0.024439269	0.624158765
D006262	genus	1505652	2742	0.43729807	0.162722111	0.989703157
D006262	genus	2895461	2736	0.009559261	0.003270052	0.037623356
D006262	genus	1906119	2608	1.073489435	0.278317345	3.007636326
D006262	genus	123375	2561	0.173709622	0.024329995	0.777932264
D006262	genus	2759736	2412	0.74155114	0.080749412	3.186398185
D006262	genus	1573534	2391	0.308378541	0.079038887	0.724948302
D006262	genus	1472649	2353	0.049247663	0.011349999	0.178716747
D006262	genus	2764317	2334	0.0312535	0.011362894	0.06213767
D006262	genus	2740	2331	0.238885468	0.052504463	1.872908948
D006262	genus	1929297	2302	0.009864428	0.004285265	0.017353728
D006262	genus	2944199	2284	0.02784649	0.013285238	0.041888668
D006262	genus	580024	2281	0.396827694	0.074556008	1.198263177
D006262	genus	1935927	2255	0.009999345	0.005050094	0.022042143
D006262	genus	264995	2248	0.020105472	0.006392506	0.055702562
D006262	genus	2742598	2247	0.79661927	0.105394644	3.319238869
D006262	genus	1716	2240	0.433237345	0.016843214	2.758638446
D006262	genus	836	2232	0.449909456	0.024018791	1.72990914
D006262	genus	52784	2218	0.022933226	0.003960072	0.074940859
D006262	genus	2678884	2213	0.007761747	0.004550001	0.014186833
D006262	genus	248744	2179	0.184841799	0.084226646	0.286091011
D006262	genus	2944194	2144	0.203703861	0.065786628	0.484650531
D006262	genus	119852	2127	0.171053592	0.085106383	0.27723361
D006262	genus	547	2116	0.719150899	0.036044993	4.010761437
D006262	genus	2316203	2060	0.020841944	0.005015	0.072520919
D006262	genus	52225	2012	0.909569432	0.285613424	2.630350345
D006262	genus	508459	2012	0.217413566	0.027826544	1.141901697
D006262	genus	46255	2011	0.421762791	0.06438145	2.191504025
D006262	genus	194	2002	0.316959102	0.026668774	1.244824859
D006262	genus	1924110	1981	0.080146917	0.023119991	0.193815284
D006262	genus	133925	1969	0.275061276	0.043145292	1.513280706
D006262	genus	2944146	1957	0.026167626	0.009249099	0.058090231
D006262	genus	1918511	1952	0.153992134	0.067911781	0.307110832
D006262	genus	846	1933	0.090302317	0.035589993	0.161726832
D006262	genus	2508948	1925	0.080471431	0.025109902	0.20048738
D006262	genus	1763508	1893	0.010140602	0.003270001	0.025767472
D006262	genus	1926677	1826	0.043920829	0.010157571	0.107353336
D006262	genus	2005525	1819	0.276242062	0.109282737	0.60124275
D006262	genus	1243	1800	0.12520666	0.018674919	0.600176278
D006262	genus	1918450	1784	0.046721832	0.004409999	0.438626328
D006262	genus	286	1767	0.83222989	0.050128903	5.19809181
D006262	genus	2918511	1725	0.061008592	0.002500091	2.239747075
D006262	genus	2126544	1716	0.006639837	0.002581116	0.012734814
D006262	genus	1686313	1702	0.3118564	0.02448292	1.22721497
D006262	genus	1918536	1648	0.195601397	0.046405012	0.60524063
D006262	genus	162289	1645	1.358947124	0.045165356	4.371435556
D006262	genus	2038676	1639	0.126768008	0.048822165	0.525064644
D006262	genus	1935176	1599	0.027985422	0.014019994	0.049409195
D006262	genus	2137577	1588	0.141486104	0.06820087	0.227357567
D006262	genus	404402	1522	0.20124839	0.064203705	0.460554481
D006262	genus	2983250	1515	0.004571236	0.002324391	0.007499301
D006262	genus	1987016	1484	0.008141801	0.003090125	0.016840911
D006262	genus	2163168	1481	0.280123708	0.06754	0.547586912
D006262	genus	469	1433	3.970647184	0.096540628	13.67117595
D006262	genus	165779	1412	1.860130382	0.028690003	5.84370957
D006262	genus	1380	1395	0.160581946	0.02657555	1.061402419
D006262	genus	543311	1373	0.185178961	0.015177578	1.002638141
D006262	genus	2944149	1372	0.006705844	0.002821278	0.015631366
D006262	genus	2005355	1361	0.497047573	0.128620013	1.420172742
D006262	genus	1386	1349	0.577468998	0.088936322	2.768800569
D006262	genus	420345	1337	0.029785707	0.007359667	0.079345781
D006262	genus	1257	1305	0.401830502	0.026020016	1.933125485
D006262	genus	482	1303	0.340059614	0.019030002	2.463877346
D006262	genus	150022	1295	1.776127212	0.039504872	4.9285043
D006262	genus	2975519	1270	0.348258796	0.089474896	0.670879159
D006262	genus	2944143	1229	0.010344438	0.004551253	0.032332063
D006262	genus	3028852	1217	0.084416312	0.017930787	0.371317817
D006262	genus	2696673	1216	1.637053924	0.282801381	3.661022125
D006262	genus	83770	1210	4.549564109	0.368293878	9.221120745
D006262	genus	2944144	1193	0.00662365	0.002372357	0.01613899
D006262	genus	2023266	1178	0.139400425	0.046507502	0.270423059
D006262	genus	1935200	1171	0.149021615	0.016380687	1.155278696
D006262	genus	638847	1145	0.132088192	0.034775127	0.525800661
D006262	genus	1635148	1084	0.035389614	0.011520574	0.088621598
D006262	genus	544	1078	0.329108345	0.023055002	1.571090241
D006262	genus	2082587	1028	0.296160792	0.081851129	0.789152066
D006262	genus	1738645	1014	0.072018773	0.022442226	0.160522623
D006262	genus	1472762	1004	0.172349593	0.02504952	0.51879369
D006262	genus	2944197	1004	0.022971459	0.008386843	0.045528616
D006262	genus	1924105	955	0.121348472	0.041834189	0.258567156
D006262	genus	2494213	948	0.407797009	0.158282838	0.734982556
D006262	genus	2847314	935	0.183250625	0.075379977	0.378599227
D006262	genus	1870884	925	3.364135496	0.198033807	12.16403533
D006262	genus	1582879	924	0.25472631	0.011628793	1.154661101
D006262	genus	1928820	897	0.008153122	0.00259	0.020558027
D006262	genus	84026	881	0.053398581	0.0227611	0.138680979
D006262	genus	265975	857	0.419636606	0.046210009	4.163861502
D006262	genus	830	854	1.811287002	0.383018694	4.487336622
D006262	genus	2717089	854	0.07994514	0.013573563	0.199309578
D006262	genus	2789662	850	0.021198962	0.003015134	0.19147343
D006262	genus	184869	767	0.393899802	0.041736227	1.111124048
D006262	genus	2093825	764	0.307622637	0.023468079	2.15231062
D006262	genus	1573536	761	0.149319253	0.020709998	0.49468403
D006262	genus	2944145	748	0.004631513	0.002450714	0.005905976
D006262	genus	1470353	726	0.090882264	0.031294007	0.461940977
D006262	genus	12967	725	0.131389523	0.056693921	0.277884641
D006262	genus	2767353	715	0.016973934	0.003000095	0.110287428
D006262	genus	160674	698	0.468794822	0.01351354	3.018044815
D006262	genus	1470349	690	0.115014125	0.024403785	0.331193997
D006262	genus	1980697	680	0.844337188	0.33401431	1.530376647
D006262	genus	2749846	670	0.075828066	0.01947	0.178503967
D006262	genus	31977	669	0.116529292	0.010762403	0.295200422
D006262	genus	583	661	0.413928048	0.050219995	1.765002345
D006262	genus	2767842	658	0.40447126	0.017446037	2.287259545
D006262	genus	2171986	649	0.06374356	0.043841452	0.120117964
D006262	genus	1847725	631	0.148141617	0.024306896	0.405045929
D006262	genus	1926556	631	0.057921241	0.017230003	0.128015596
D006262	genus	283	621	0.482134847	0.012246294	3.473466075
D006262	genus	2316	619	0.411981189	0.045538493	2.596568245
D006262	genus	1266	610	0.834663335	0.02846496	3.364902609
D006262	genus	1774107	609	0.278923223	0.021342765	1.360562095
D006262	genus	40323	597	1.272160733	0.041780402	5.704574139
D006262	genus	2983247	587	0.031365393	0.013864404	0.053804988
D006262	genus	2086	585	0.609757191	0.103502525	2.233683925
D006262	genus	1981028	576	0.098736082	0.018973849	0.224816843
D006262	genus	76833	574	0.014301033	0.002510225	0.059003253
D006262	genus	1926672	560	2.694136784	1.235313468	4.082312608
D006262	genus	46123	557	0.121556509	0.031104199	0.264493458
D006262	genus	1918538	543	0.259787884	0.04296409	0.601120083
D006262	genus	2944150	543	0.053458576	0.01783202	0.154282007
D006262	genus	581	540	0.589602417	0.026507383	4.596471527
D006262	genus	35583	537	4.198695	2.360732372	6.24410343
D006262	genus	2152	536	1.76933336	0.09664612	8.33753984
D006262	genus	2767885	534	0.296348107	0.02803502	3.298914052
D006262	genus	209	526	1.080724165	0.062980958	5.921022086
D006262	genus	2701	521	0.371262635	0.011042708	1.952605758
D006262	genus	1161127	521	0.405349171	0.02466435	1.22953551
D006262	genus	2944151	519	0.009071403	0.002015202	0.029306867
D006262	genus	2745	516	2.272400369	0.080432421	6.111398013
D006262	genus	196081	513	0.037856359	0.003310012	0.115287753
D006262	genus	156454	497	0.279889386	0.022492356	1.046411392
D006262	genus	909928	488	0.35683312	0.06572085	0.941000698
D006262	genus	180162	485	0.65863236	0.121605188	3.495545147
D006262	genus	1253	481	1.212373644	0.07103534	5.276535882
D006262	genus	177971	477	0.077440817	0.022503094	0.150719465
D006262	genus	255528	474	0.145405569	0.021464819	0.55318153
D006262	genus	2944147	472	0.000939131	0.000450079	0.00157755
D006262	genus	2383	463	0.52076367	0.038711675	3.076795065
D006262	genus	48736	461	1.465853053	0.113076488	7.004723881
D006262	genus	1827195	453	0.351564936	0.054282923	1.969002164
D006262	genus	568	445	0.362153848	0.013033029	2.135158211
D006262	genus	416916	441	0.073711739	0.020446946	0.212864391
D006262	genus	2749267	436	0.380993215	0.075309977	0.924136117
D006262	genus	82373	433	0.487341362	0.043410227	1.131958298
D006262	genus	2983509	432	0.069915827	0.018096994	0.14542482
D006262	genus	1743	420	0.023114265	0.004970753	0.061452682
D006262	genus	419014	419	0.072767108	0.018076304	0.232994787
D006262	genus	2070447	411	0.13178279	0.010754505	0.636885349
D006262	genus	1912216	407	1.554923208	0.063882456	6.648061833
D006262	genus	423604	398	0.855742156	0.183498191	2.113990628
D006262	genus	1827	386	0.333408073	0.134162622	2.063064639
D006262	genus	41275	381	0.781503183	0.036238449	5.247653414
D006262	genus	258514	381	0.027769942	0.00440246	0.060487267
D006262	genus	29521	380	1.540727812	0.22056	8.416036085
D006262	genus	1164882	380	0.098227603	0.004735084	0.662543202
D006262	genus	970	376	0.118581871	0.005549996	0.418850996
D006262	genus	157	372	1.953507878	0.215900464	4.663010812
D006262	genus	13687	362	0.999974402	0.067239017	4.748141527
D006262	genus	40840	359	0.36708015	0.029606409	1.089118085
D006262	genus	579	355	0.129237032	0.017039997	0.547111618
D006262	genus	1929305	338	0.096663083	0.016549021	0.372463849
D006262	genus	168808	334	0.389490069	0.013686577	1.756812378
D006262	genus	588605	325	0.250050873	0.016744321	0.907384114
D006262	genus	109326	323	0.024946266	0.003292685	0.066981409
D006262	genus	2126006	315	0.079140992	0.028419856	0.278064819
D006262	genus	1903506	314	0.2672315	0.087020017	0.452303673
D006262	genus	651554	313	0.094519225	0.008387306	0.270726499
D006262	genus	22	296	1.660844975	0.274224605	3.559814627
D006262	genus	2050	292	0.344885687	0.063900874	0.88442588
D006262	genus	2813348	290	0.037091583	0.005735103	0.093753528
D006262	genus	1849822	286	0.101044164	0.014889967	0.343873372
D006262	genus	1987748	286	0.540683946	0.164443528	1.430238511
D006262	genus	2767881	274	0.140571476	0.021851904	0.303063307
D006262	genus	32067	272	0.249753404	0.035362346	0.75521913
D006262	genus	698776	272	0.213228792	0.025581278	1.128266538
D006262	genus	2767879	270	0.102536546	0.011364201	0.28357455
D006262	genus	1892380	269	0.038917632	0.010859363	0.08055537
D006262	genus	2753	265	0.150194438	0.002799991	0.478070329
D006262	genus	674963	251	0.111241683	0.050860015	0.157679333
D006262	genus	236752	248	0.348594519	0.030354118	1.080047252
D006262	genus	2126002	248	0.04507467	0.009684997	0.108686243
D006262	genus	2801844	248	0.010331829	0.002840995	0.028852695
D006262	genus	237	247	0.200631825	0.046726243	0.7179424
D006262	genus	2093823	245	0.018797757	0.004040143	0.070598694
D006262	genus	2049	240	0.406932023	0.069678785	0.958736284
D006262	genus	1213720	240	0.103398298	0.009470168	0.552402597
D006262	genus	2983459	232	0.074230384	0.029289994	0.131500656
D006262	genus	156973	231	2.238742766	0.149724192	6.428895899
D006262	genus	28138	227	0.179175011	0.026514649	0.487788908
D006262	genus	1331051	227	0.18744667	0.018648019	0.463036212
D006262	genus	2847307	226	0.210048927	0.02983501	1.48442588
D006262	genus	59732	221	1.605205377	0.047835446	6.48665124
D006262	genus	497	216	0.490043406	0.00739953	5.360955132
D006262	genus	165695	215	1.042661642	0.065806791	5.160163678
D006262	genus	1918540	214	0.233856667	0.083552529	0.519279545
D006262	genus	1774128	207	0.024541711	0.003789999	0.090630115
D006262	genus	2767886	205	0.743796558	0.007812868	3.486397775
D006262	genus	212791	204	1.022022994	0.057367221	3.545267655
D006262	genus	1929045	203	0.017839475	0.004135001	0.038085243
D006262	genus	47670	200	0.071621739	0.006200974	0.323455614
D006262	genus	384638	200	0.365069629	0.190157713	0.478881453
D006262	genus	2884610	196	0.047086806	0.011470712	0.124463341
D006262	genus	2944196	196	0.456913364	0.022870011	1.634243266
D006262	genus	475	194	0.382313227	0.053344726	1.413963306
D006262	genus	28453	194	0.14422807	0.003436381	0.527339345
D006262	genus	407	193	0.747270302	0.038571743	3.262519959
D006262	genus	613	193	1.023808206	0.03121377	6.875275397
D006262	genus	35829	193	0.035819739	0.010769999	0.077952873
D006262	genus	162290	190	0.468754454	0.078997412	1.77059427
D006262	genus	1849828	189	0.478222323	0.02544	4.250817178
D006262	genus	2171988	187	0.00547414	0.002110001	0.009156072
D006262	genus	1918598	182	0.148032007	0.020361904	0.36438378
D006262	genus	2093	181	1.252976031	0.048506521	2.179941251
D006262	genus	84162	181	0.025390884	0.000997287	0.135608536
D006262	genus	106589	181	0.170482097	0.033710571	1.15277388
D006262	genus	2683202	181	0.097798457	0.010110001	0.310018489
D006262	genus	43994	180	0.034206362	0.008535242	0.13925235
D006262	genus	100175	180	0.027154069	0.011989025	0.040942755
D006262	genus	501783	174	0.152249978	0.060458394	0.212103709
D006262	genus	1696	171	0.401297861	0.101694915	1.023257081
D006262	genus	1080709	169	0.241301299	0.107339326	0.304142039
D006262	genus	174708	167	0.105468004	0.010400682	0.241302603
D006262	genus	1926655	165	1.777302381	0.671039866	3.8840206
D006262	genus	265	164	0.277802687	0.023642469	1.668565308
D006262	genus	149698	160	0.074393637	0.00939271	0.189659001
D006262	genus	1504576	160	0.097721323	0.018383085	0.206380386
D006262	genus	1729679	160	0.22188291	0.080762814	0.53546589
D006262	genus	1715798	159	0.090433119	0.007680251	0.412872233
D006262	genus	1937008	159	0.222099041	0.09539709	0.296487829
D006262	genus	642	153	0.322043488	0.048510005	0.731446385
D006262	genus	40674	153	6.37209474	2.547770701	9.55461722
D006262	genus	29393	151	0.049618789	0.012930338	0.093659568
D006262	genus	374	148	0.360253297	0.034975912	1.091133037
D006262	genus	294702	148	0.110319651	0.00557235	0.181968312
D006262	genus	28100	146	0.456336706	0.088241214	1.387851305
D006262	genus	2740557	146	0.003852408	0.0017	0.006527388
D006262	genus	28196	143	0.495251193	0.000582615	4.013982677
D006262	genus	449972	143	0.013662571	0.003586779	0.035915245
D006262	genus	2847313	141	0.219754341	0.030909997	0.877478267
D006262	genus	222	139	1.006058305	0.018141412	4.201026869
D006262	genus	80865	139	0.358748992	0.038413522	0.918708044
D006262	genus	128827	138	0.063569514	0.027383393	0.133521287
D006262	genus	1763	136	0.142308119	0.037006722	0.282287204
D006262	genus	586	133	0.456984794	0.071814117	1.947584492
D006262	genus	1082930	132	0.02548768	0.008727905	0.043034064
D006262	genus	399320	131	1.22128101	0.108277841	2.713604212
D006262	genus	662	130	0.437412697	0.138614101	1.348716373
D006262	genus	713	130	0.284938104	0.061812067	0.734383157
D006262	genus	196082	129	0.023971995	0.003650002	0.078386931
D006262	genus	153232	123	0.005660726	0.001514101	0.02173346
D006262	genus	2737	122	0.063026135	0.011891069	0.205574132
D006262	genus	75	121	0.194890855	0.04054328	1.078566407
D006262	genus	36739	120	0.769216	0.141202735	2.360082514
D006262	genus	84567	120	0.170086651	0.051711068	0.262000917
D006262	genus	1481960	120	1.306547724	0.215607722	5.19838991
D006262	genus	1980680	118	0.032742075	0.002780065	0.12422747
D006262	genus	162027	114	0.125114668	0.006784251	0.529203986
D006262	genus	1427376	112	0.124450444	0.0065503	0.451973222
D006262	genus	1269	111	0.411735836	0.03012467	2.427553104
D006262	genus	2717	111	0.02438954	0.003236083	0.045432498
D006262	genus	165696	110	0.127314477	0.029202517	0.491499024
D006262	genus	990719	110	0.024076297	0.000617298	0.066482856
D006262	genus	1016	109	0.180343385	0.029036941	0.351408253
D006262	genus	553372	107	0.033980863	0.00295753	0.060257105
D006262	genus	1926651	106	0.501783109	0.020322193	1.620983119
D006262	genus	1883	104	0.03582144	0.009556322	0.067410411
D006262	genus	538	102	0.137681483	0.020174808	0.306314857
D006262	genus	44471	102	0.09262336	0.003805958	0.74290643
D006262	genus	79603	101	0.035406546	0.004071224	0.09611673
D006262	genus	32008	99	0.019441204	0.004770002	0.08032025
D006262	genus	83654	99	0.143015227	0.011819996	0.485550642
D006262	genus	44249	96	0.275043716	0.087352634	0.843457411
D006262	genus	1637	95	0.358857731	0.06100816	1.558638447
D006262	genus	4930	95	0.224901803	0.005720002	2.00701888
D006262	genus	82202	95	0.305202967	0.017000909	1.209411672
D006262	genus	447792	94	0.334844161	0.018184997	1.437035921
D006262	genus	2767890	94	0.352179975	0.003329671	3.223536647
D006262	genus	2815773	93	0.117048244	0.036578717	0.301977511
D006262	genus	51123	92	0.008512389	0.000146488	0.031147383
D006262	genus	28256	91	0.073103701	0.023392334	0.171247616
D006262	genus	528	89	1.467907524	0.001708628	10.14948061
D006262	genus	33882	89	0.130527328	0.020888274	0.287133735
D006262	genus	92793	89	0.284546339	0.092675803	0.801509609
D006262	genus	1649	88	0.160141487	0.016409812	1.095469091
D006262	genus	299568	88	0.041323137	0.001045346	0.132969261
D006262	genus	1298	87	0.089505753	0.023606248	0.194470923
D006262	genus	55080	87	1.710339896	0.277655999	8.68051628
D006262	genus	1375	86	0.224615198	0.035080258	0.587349611
D006262	genus	129337	86	0.524759475	0.037739913	3.641596511
D006262	genus	248038	86	0.090831069	0.051017573	0.154046211
D006262	genus	2944195	85	0.001959577	0.000995162	0.002608113
D006262	genus	31953	84	0.111220061	0.001669538	0.297734285
D006262	genus	911113	84	0.19643328	0.043393905	0.890939019
D006262	genus	1839	83	0.384512921	0.058711287	2.287390392
D006262	genus	715222	83	0.14155947	0.048693394	0.251943164
D006262	genus	57493	82	0.345594023	0.024980156	2.191911262
D006262	genus	43668	81	0.165988829	0.022563813	0.307677082
D006262	genus	295418	81	0.047674576	0.000514319	0.380084191
D006262	genus	28263	80	0.090215513	0.014045418	0.175445799
D006262	genus	31983	80	0.292976497	0.000377689	1.334913572
D006262	genus	1847	78	0.041634585	0.000264884	0.238999173
D006262	genus	90243	78	0.037995411	0.003215021	0.209722856
D006262	genus	665874	78	0.09020358	0.000836806	0.308705039
D006262	genus	1100891	78	0.012250758	0.003049538	0.05136118
D006262	genus	1653174	77	0.24291621	0.097959184	0.526494045
D006262	genus	66831	76	0.199607029	0.028331836	0.467212563
D006262	genus	369926	76	0.621611258	0.453376905	0.486238983
D006262	genus	68	75	0.169302416	0.017005357	0.428309921
D006262	genus	745	75	1.954278128	0.394426801	6.348461543
D006262	genus	2747	75	0.240569992	0.010989253	0.565400538
D006262	genus	1165076	75	1.929051576	1.65766437	1.483829339
D006262	genus	1824856	75	0.053283222	0.016588562	0.111937267
D006262	genus	2739835	75	0.007457045	0.001879999	0.026378153
D006262	genus	270	74	0.298262263	0.024798545	0.981095772
D006262	genus	1234	72	0.120689077	0.037161626	0.314961862
D006262	genus	113286	71	0.113318884	0.019325599	0.281218195
D006262	genus	411918	71	0.000963733	0.000963733	0.0
D006262	genus	2767893	71	0.415653238	0.049025616	1.588805894
D006262	genus	702	70	0.41757828	0.102793503	0.762930882
D006262	genus	238749	70	0.062162533	0.001545902	0.194133003
D006262	genus	445219	70	0.07970441	0.036182432	0.094111038
D006262	genus	1505660	70	0.162898551	0.024382522	0.315365184
D006262	genus	42255	69	0.125976785	0.057881536	0.182408889
D006262	genus	1903434	69	0.282868376	0.030609985	0.639221367
D006262	genus	12916	67	0.430329735	0.194568302	0.931688576
D006262	genus	332162	67	0.042963868	0.011503509	0.097306802
D006262	genus	69278	66	0.04292446	0.013190203	0.071488394
D006262	genus	1632780	66	0.023840996	0.002057275	0.056531029
D006262	genus	1918452	66	0.0347421	0.007340881	0.094690503
D006262	genus	57494	65	0.027590084	0.000724323	0.057948647
D006262	genus	83618	65	0.145686924	0.062613281	0.265881499
D006262	genus	953	62	0.141475991	0.08072093	0.2063662
D006262	genus	52228	62	3.76311443	1.707333542	4.601413433
D006262	genus	2743582	62	0.31335925	0.113694975	0.604015614
D006262	genus	437755	61	0.259217735	0.054626898	0.560681838
D006262	genus	1924081	61	0.030327633	0.006240002	0.081267019
D006262	genus	2211325	61	0.783372601	0.036219266	3.484731139
D006262	genus	507	60	0.166835166	0.079981268	0.217260889
D006262	genus	44259	60	0.330268722	0.016482734	0.824491935
D006262	genus	89966	60	0.02517242	0.000308591	0.106348928
D006262	genus	226	59	0.071598589	0.01832173	0.092000796
D006262	genus	2742	59	0.027727158	0.001139086	0.104245738
D006262	genus	85413	59	0.118833498	0.029172183	0.265828629
D006262	genus	653683	59	0.639207936	0.095129376	1.737829804
D006262	genus	1742989	59	0.292137107	0.147590584	0.316480062
D006262	genus	434	58	1.349407339	0.046149083	9.329034581
D006262	genus	866	58	9.401119079	0.99009901	21.08291675
D006262	genus	1434006	58	0.078002707	0.034685816	0.101387107
D006262	genus	2767327	58	0.134688764	0.008570207	0.55514364
D006262	genus	37914	57	0.162685572	0.081168831	0.216306379
D006262	genus	400634	57	0.690377094	0.031456433	1.178376891
D006262	genus	1004303	57	0.060287244	0.022158377	0.098679981
D006262	genus	59735	56	0.087576567	0.038707924	0.132393224
D006262	genus	1231242	56	0.066972003	0.000732269	0.308695926
D006262	genus	1926659	56	1.075794934	0.351754912	1.951478025
D006262	genus	357	55	1.115597757	0.632250316	1.533036675
D006262	genus	13334	55	0.497894031	0.007114754	2.893644834
D006262	genus	90964	54	0.321384013	0.149173911	0.400000665
D006262	genus	2884456	54	0.196096824	0.097005316	0.270386581
D006262	genus	590	53	2.874757908	0.05068	13.13478296
D006262	genus	74015	53	0.632903413	0.029047813	1.312873096
D006262	genus	118747	53	0.019582529	0.006559997	0.034046455
D006262	genus	999488	53	0.023090863	0.003325158	0.128111687
D006262	genus	29330	52	0.031571993	0.015645005	0.039458113
D006262	genus	59753	52	0.089113185	0.010792286	0.17250152
D006262	genus	958	51	0.052747518	0.023498081	0.096132781
D006262	genus	1549619	51	0.034194077	0.012211503	0.069569999
D006262	genus	336260	50	0.000989611	0.000569543	0.001785421
D006262	genus	413496	50	0.059877653	0.006617423	0.133449713
D006262	genus	2946534	50	0.039125317	0.004663658	0.099459099
D006262	genus	74243	49	0.180037436	0.124817974	0.167688135
D006262	genus	137460	49	0.622583219	0.222930922	1.233352029
D006262	genus	150247	49	4.316455291	0.103849863	14.46258424
D006262	genus	207599	49	0.031839318	0.010547411	0.039835905
D006262	genus	81	47	0.037828442	0.011055628	0.073888178
D006262	genus	712	47	0.002359534	0.002359534	0.0
D006262	genus	190972	47	0.189821202	0.116144019	0.376450665
D006262	genus	1737068	47	0.000514319	0.000514319	0.0
D006262	genus	33986	46	0.32918993	0.083306965	0.553187313
D006262	genus	141948	46	0.14690282	0.106478285	0.226986973
D006262	genus	332248	46	0.122773569	0.094928902	0.117690551
D006262	genus	182709	45	0.921003993	0.591060214	1.575444874
D006262	genus	227873	45	0.043716537	0.036607049	0.030016461
D006262	genus	504481	45	0.057927179	0.033029066	0.083830256
D006262	genus	1577789	45	2.089136847	0.05350932	11.21708297
D006262	genus	1840214	44	0.034092981	0.032340106	0.052019439
D006262	genus	1937007	44	0.044180253	0.023295407	0.049331183
D006262	genus	68287	43	0.102210579	0.046879995	0.136254014
D006262	genus	290425	42	0.013101548	0.012752153	0.005300499
D006262	genus	1330547	42	0.183529101	0.011934818	0.546646258
D006262	genus	46913	40	0.095989037	0.035673192	0.164853711
D006262	genus	69965	40	0.024329571	0.005819999	0.053453856
D006262	genus	195950	40	0.112187406	0.037699932	0.17611348
D006262	genus	308865	40	0.029844188	0.010623051	0.041575185
D006262	genus	432330	40	0.075383349	0.006372046	0.328515095
D006262	genus	2129	39	0.184390099	0.030025021	0.333405132
D006262	genus	467747	39	0.138600109	0.038509423	0.147403916
D006262	genus	20	38	0.072871784	0.026891925	0.143029835
D006262	genus	38501	38	0.10948747	0.040847819	0.155609453
D006262	genus	2171991	38	0.012010212	0.002970001	0.018515906
D006262	genus	49082	37	1.907880697	0.160441775	4.661783924
D006262	genus	165697	37	0.097269884	0.036238449	0.14670031
D006262	genus	1663426	37	0.036849167	0.019257366	0.051414449
D006262	genus	63743	36	0.03351472	0.025819996	0.033273519
D006262	genus	2901164	36	0.019175004	0.005704997	0.033260482
D006262	genus	12960	35	0.033472333	0.03170577	0.017134967
D006262	genus	173479	35	1.760091724	0.017047392	10.13407925
D006262	genus	296051	35	0.03272006	0.019299058	0.038051557
D006262	genus	380738	35	0.254428783	0.205985702	0.139468025
D006262	genus	468938	35	0.091516765	0.039863326	0.11432005
D006262	genus	2767880	35	0.018770191	0.008060158	0.026921476
D006262	genus	43996	34	0.685017674	0.070981738	1.418589577
D006262	genus	131079	34	0.082465582	0.075834071	0.074094938
D006262	genus	400060	34	1.106575342	0.607107911	1.302322079
D006262	genus	1033997	34	0.087860297	0.020719366	0.342315452
D006262	genus	1389453	34	0.16999977	0.156433089	0.13259939
D006262	genus	1434046	34	0.07634879	0.071617315	0.064040146
D006262	genus	1921511	34	0.07062358	0.023704227	0.163600429
D006262	genus	832	33	0.62503496	0.010165529	2.297293704
D006262	genus	51668	33	1.564299684	0.036226634	8.695217492
D006262	genus	96783	33	2.996291821	1.913875598	2.988722816
D006262	genus	648800	33	0.786613377	0.1910544	0.881735905
D006262	genus	1291539	33	2.914967107	0.176678445	14.96171658
D006262	genus	1906156	33	0.455453395	0.042838783	1.270722399
D006262	genus	1981050	33	0.093199517	0.02174824	0.181492479
D006262	genus	10	32	0.074627247	0.010583591	0.128860934
D006262	genus	963	32	0.249806297	0.038407725	0.340610699
D006262	genus	28048	32	0.02740065	0.020679104	0.026650378
D006262	genus	33057	32	0.034516001	0.003426183	0.088070351
D006262	genus	65551	32	1.700915074	0.029351639	5.451051118
D006262	genus	3037982	32	0.04048937	0.035714286	0.035049919
D006262	genus	657	31	0.225539625	0.163287355	0.582091954
D006262	genus	1569	31	0.181501159	0.008766763	0.287813182
D006262	genus	112008	31	3.141214481	0.037054682	17.04721986
D006262	genus	1069494	31	0.144380037	0.02467156	0.293961071
D006262	genus	1649512	31	1.106123216	0.058526797	5.862445582
D006262	genus	33958	30	0.24801352	0.032469538	0.526132417
D006262	genus	186650	30	0.083469928	0.046458568	0.121602375
D006262	genus	256319	30	0.005387124	0.003365813	0.011071172
D006262	genus	1184396	30	0.096780663	0.084607496	0.044173065
D006262	genus	53	29	0.117759154	0.066462847	0.195748137
D006262	genus	2723	29	0.05897056	0.037491179	0.059525559
D006262	genus	76831	29	0.082639336	0.088415636	0.088530873
D006262	genus	125216	29	0.133337364	0.026539278	0.244475666
D006262	genus	227979	29	0.424147966	0.055944056	1.89875846
D006262	genus	1085622	29	1.585489032	0.147880133	7.51627653
D006262	genus	1146865	29	0.000313344	0.000313344	0.0
D006262	genus	1330546	29	0.146006045	0.027889997	0.265299003
D006262	genus	893	28	0.459341079	0.016266591	1.23866107
D006262	genus	150203	28	0.731644181	0.030860492	3.680720102
D006262	genus	361177	28	0.787705056	0.030939903	3.766425217
D006262	genus	995019	28	0.020501237	0.016091051	0.014180224
D006262	genus	1981033	28	0.395383692	0.06393	0.596577221
D006262	genus	16	27	0.094307579	0.038920016	0.113049803
D006262	genus	338	27	0.221601634	0.138818778	0.310995093
D006262	genus	29580	27	0.182870327	0.010252204	0.504581405
D006262	genus	53246	27	0.131217224	0.011607469	0.533391982
D006262	genus	204447	27	0.129936132	0.032182626	0.293122878
D006262	genus	246875	27	0.213268914	0.168421053	0.202466011
D006262	genus	265570	27	0.061931887	0.040630405	0.089321535
D006262	genus	648802	27	0.850828758	0.01913335	3.075798986
D006262	genus	2005387	27	0.017792604	0.004553843	0.032500533
D006262	genus	2038	26	0.010972375	0.004075017	0.021360563
D006262	genus	2160	26	0.177595125	0.004982864	0.59478729
D006262	genus	53335	26	0.04429309	0.0106	0.092405441
D006262	genus	83614	26	0.156645152	0.060110473	0.194639281
D006262	genus	130795	26	0.080957812	0.057274071	0.071835735
D006262	genus	167375	26	0.313566481	0.0328911	0.566459895
D006262	genus	428711	26	0.461958021	0.114232841	1.039902363
D006262	genus	1427378	26	0.270162481	0.13492837	0.348134661
D006262	genus	1882917	26	0.076320242	0.023930146	0.212781328
D006262	genus	33877	25	0.183540811	0.036754571	0.294049888
D006262	genus	44013	25	0.113489765	0.037133309	0.360801779
D006262	genus	2847312	25	1.136263496	0.417180042	2.104033448
D006262	genus	3121626	25	0.122733662	0.013963555	0.320957613
D006262	genus	67575	24	0.031908565	0.008195994	0.076182778
D006262	genus	255204	24	0.667873061	0.161974144	0.864188557
D006262	genus	490567	24	0.070005849	0.038903056	0.132564499
D006262	genus	1279384	24	0.016684199	0.003575	0.042973372
D006262	genus	1664383	24	0.060515608	0.017248935	0.135943769
D006262	genus	2815780	24	0.00336233	0.00061007	0.006902757
D006262	genus	76008	23	0.009743054	0.009120154	0.003407264
D006262	genus	161492	23	0.186160367	0.030841986	0.363725074
D006262	genus	221216	23	0.041403569	0.012923713	0.078784797
D006262	genus	292480	23	0.209068736	0.071577407	0.480865571
D006262	genus	518753	23	0.200612292	0.061355339	0.372565753
D006262	genus	2039714	23	0.087805662	0.014724288	0.223745869
D006262	genus	2692118	23	0.154386979	0.092600019	0.181948351
D006262	genus	914	22	0.046218366	0.019827234	0.075388544
D006262	genus	34072	22	0.265729837	0.179973884	0.265421919
D006262	genus	41273	22	0.345615678	0.037639274	0.828029791
D006262	genus	254245	22	0.097669456	0.056993695	0.105467566
D006262	genus	423349	22	0.067370557	0.022186406	0.119159614
D006262	genus	1330545	22	0.127027539	0.034904009	0.193034318
D006262	genus	1705353	22	0.073093062	0.04108928	0.093215294
D006262	genus	445	21	0.261885876	0.02257846	0.886503511
D006262	genus	1647	21	0.084541674	0.020715371	0.132119485
D006262	genus	2053	21	0.047328603	0.035816619	0.047126894
D006262	genus	55968	21	0.166378323	0.064423106	0.224004894
D006262	genus	84036	21	0.071992278	0.029847776	0.154480735
D006262	genus	143222	21	0.088101925	0.083303582	0.043384703
D006262	genus	191494	21	0.047714295	0.020945333	0.060938006
D006262	genus	265718	21	0.009672644	0.006747354	0.010744519
D006262	genus	401469	21	0.256989039	0.03170577	0.613202087
D006262	genus	1206748	21	0.052469363	0.046139649	0.045414627
D006262	genus	1784836	21	0.096031075	0.062299751	0.093005001
D006262	genus	413	20	0.094578882	0.093504889	0.048816323
D006262	genus	629	20	0.006436793	0.000222031	0.018505671
D006262	genus	2222	20	0.472911718	0.015663861	1.996641864
D006262	genus	2755	20	0.430963831	0.583521589	0.362837683
D006262	genus	81852	20	0.036243115	0.022481402	0.039380853
D006262	genus	114248	20	0.147697993	0.056638227	0.241275267
D006262	genus	120831	20	0.072960755	0.018037036	0.165219147
D006262	genus	323620	20	0.091740912	0.01224313	0.174246955
D006262	genus	489909	20	0.217210172	0.113869773	0.280578703
D006262	genus	1154586	20	0.056252307	0.026584674	0.056438923
D006262	genus	1210119	20	0.046976931	0.020097623	0.058150397
D006262	genus	1313213	20	0.014488754	0.003448831	0.044995316
D006262	genus	2923352	20	0.001371188	0.001274999	0.001033133
D006262	genus	123	19	0.026458532	0.018158707	0.028982168
D006262	genus	48463	19	0.089792134	0.010128121	0.267177622
D006262	genus	196013	19	0.0918614	0.005009492	0.157144727
D006262	genus	263370	19	0.416778516	0.031064651	0.809734434
D006262	genus	1146845	19	0.035564376	0.02977569	0.030527048
D006262	genus	1522432	19	0.11933927	0.073294818	0.095876843
D006262	genus	349	18	0.023709827	0.001190858	0.046015433
D006262	genus	810	18	0.07181865	0.075248068	0.042760177
D006262	genus	2040	18	0.055149341	0.037656728	0.045683636
D006262	genus	31988	18	0.042887073	0.029259723	0.046835869
D006262	genus	70774	18	0.159265038	0.051901856	0.245353176
D006262	genus	171412	18	1.378716008	0.380567346	4.295640964
D006262	genus	243627	18	0.035952585	0.032903736	0.019287904
D006262	genus	489140	18	0.013574884	0.014100785	0.00223121
D006262	genus	1572763	18	0.025451608	0.005741821	0.051510482
D006262	genus	1654787	18	0.498207152	0.014480099	1.916123007
D006262	genus	2315418	18	0.061855522	0.0224923	0.120721992
D006262	genus	2321114	18	0.017085002	0.015181546	0.008075681
D006262	genus	1033	17	0.030078165	0.00609031	0.061843175
D006262	genus	32257	17	0.204657694	0.02160605	0.449607073
D006262	genus	44748	17	0.018909658	0.014504946	0.022256503
D006262	genus	261963	17	0.0093189	0.0093189	0.0
D006262	genus	295577	17	0.469007075	0.013832215	1.861448092
D006262	genus	295595	17	0.229230292	0.221238938	0.180231088
D006262	genus	335058	17	0.027471761	0.0148	0.037642309
D006262	genus	335405	17	0.084927714	0.027506533	0.166908497
D006262	genus	398041	17	0.043445811	0.024001536	0.052254439
D006262	genus	1281902	17	0.358562833	0.015018559	1.366666019
D006262	genus	1407056	17	0.017244154	0.017244154	0.0
D006262	genus	1643958	17	0.100620461	0.028384899	0.227840742
D006262	genus	1937664	17	0.069634792	0.010209998	0.148871727
D006262	genus	2767882	17	0.019609534	0.007530001	0.030206842
D006262	genus	2207	16	0.067668574	0.019658504	0.15006987
D006262	genus	47494	16	0.062680396	0.017913477	0.132425127
D006262	genus	62918	16	0.613078614	0.54005946	0.500983268
D006262	genus	64001	16	0.028306226	0.023178498	0.015110264
D006262	genus	86795	16	0.064559906	0.037858974	0.088002977
D006262	genus	174951	16	0.227984085	0.278071332	0.158621666
D006262	genus	238783	16	0.067196743	0.048450662	0.05993422
D006262	genus	299566	16	0.069237693	0.0531296	0.061093946
D006262	genus	1502180	16	0.067231662	0.016333312	0.144442727
D006262	genus	1779134	16	0.580402047	0.024976453	1.5047462
D006262	genus	1913599	16	0.14903397	0.06392532	0.206327273
D006262	genus	1935192	16	0.226456496	0.082758574	0.299101677
D006262	genus	1567	15	0.01011261	0.000840336	0.015522695
D006262	genus	60892	15	0.072824928	0.017120682	0.13549566
D006262	genus	332102	15	0.13562036	0.026969929	0.276991421
D006262	genus	354349	15	0.16287995	0.065620386	0.224812113
D006262	genus	467975	15	0.220571671	0.047243165	0.261760646
D006262	genus	1274351	15	19.97146601	0.051710128	34.96956086
D006262	genus	1354333	15	0.616450958	0.075150301	1.81536075
D006262	genus	1931224	15	0.110589279	0.104438642	0.060849447
D006262	genus	635	14	0.218281336	0.130978286	0.249161914
D006262	genus	1645	14	0.148148006	0.046611894	0.201326104
D006262	genus	28219	14	0.086150182	0.000950522	0.237318176
D006262	genus	47420	14	0.122799484	0.139112546	0.080809182
D006262	genus	55193	14	0.215665358	0.059999999	0.341829533
D006262	genus	73029	14	0.078516327	0.054473911	0.080367238
D006262	genus	75309	14	0.195458968	0.108762722	0.20992552
D006262	genus	82802	14	0.317258789	0.237947763	0.503525272
D006262	genus	186806	14	0.019962883	0.014475446	0.026600595
D006262	genus	228923	14	0.04917921	0.044443123	0.024847478
D006262	genus	292628	14	0.074294845	0.026745593	0.141892321
D006262	genus	482629	14	0.016902653	0.010263442	0.020906471
D006262	genus	2055880	14	0.113953183	0.032255001	0.221400236
D006262	genus	2815786	14	2.607899677	0.859655672	4.919316989
D006262	genus	3277338	14	0.299693229	0.049864504	0.532914659
D006262	genus	101	13	0.044625084	0.036556388	0.0401856
D006262	genus	2147	13	0.117490054	0.002022897	0.410542913
D006262	genus	59734	13	4.950803173	0.035849978	14.28721887
D006262	genus	82982	13	0.107394838	0.03656013	0.1275487
D006262	genus	134550	13	0.036213687	0.025601639	0.031108397
D006262	genus	178440	13	0.020346113	0.019143641	0.014278818
D006262	genus	204456	13	0.163686205	0.033443138	0.174587388
D006262	genus	307628	13	0.081768154	0.035570311	0.15301194
D006262	genus	418499	13	0.018821583	0.011579435	0.016648243
D006262	genus	1004300	13	0.031875064	0.015825445	0.033057508
D006262	genus	1433993	13	0.04193449	0.043860718	0.030689248
D006262	genus	1508657	13	0.118464241	0.045150124	0.230919893
D006262	genus	1649502	13	0.380287499	0.231958763	0.326297416
D006262	genus	1804993	13	0.493572558	0.09667173	0.929312685
D006262	genus	2211225	13	0.047610122	0.017428688	0.050843597
D006262	genus	2718525	13	0.288512192	0.1138012	0.374560535
D006262	genus	113	12	0.029677381	0.015317846	0.036416945
D006262	genus	279	12	0.18879458	0.024187369	0.410173676
D006262	genus	1370	12	0.005259424	0.000648635	0.015624316
D006262	genus	28253	12	0.08917197	0.028715343	0.179584675
D006262	genus	29404	12	0.02477726	0.019804835	0.025368732
D006262	genus	34104	12	0.169955471	0.041128261	0.408472498
D006262	genus	72763	12	1.029701066	0.015750487	2.957435203
D006262	genus	79328	12	0.091347961	0.040866494	0.104961328
D006262	genus	118966	12	0.020904599	0.015702271	0.01512061
D006262	genus	154116	12	0.348762698	0.14356457	0.37525861
D006262	genus	203470	12	0.237345254	0.083093402	0.44918891
D006262	genus	311181	12	0.092503264	0.087883945	0.043043668
D006262	genus	323413	12	0.03410488	0.017090898	0.057363723
D006262	genus	343873	12	0.130344302	0.028868181	0.30548073
D006262	genus	356778	12	0.040345333	0.052145368	0.025010677
D006262	genus	361607	12	0.225406797	0.150238886	0.241176085
D006262	genus	378210	12	0.090918275	0.057820917	0.089712473
D006262	genus	529881	12	0.214768544	0.107932015	0.388146838
D006262	genus	559173	12	0.020909357	0.013237058	0.023556399
D006262	genus	651810	12	0.021298361	0.015795365	0.018334025
D006262	genus	682522	12	0.049511123	0.049728555	0.036706402
D006262	genus	704093	12	0.368919529	0.053548144	0.542868624
D006262	genus	795750	12	0.022371697	0.019380376	0.020273446
D006262	genus	1159323	12	0.750348443	0.078258209	1.757935493
D006262	genus	1501224	12	0.015589979	0.010003328	0.013216103
D006262	genus	1742991	12	0.218771278	0.113617347	0.277647728
D006262	genus	1742992	12	0.372501803	0.091294164	0.526366866
D006262	genus	1748767	12	0.020701535	0.019181118	0.010350883
D006262	genus	1891672	12	0.038836093	0.034905717	0.032482544
D006262	genus	1980675	12	0.070929802	0.033029995	0.103188619
D006262	genus	2100764	12	5.937006172	0.023697333	12.75064192
D006262	genus	2803850	12	0.016106708	0.00294	0.028018422
D006262	genus	2895509	12	0.565933483	0.245839926	0.877375636
D006262	genus	64	11	0.015735415	0.014166313	0.005317899
D006262	genus	99	11	0.015754418	0.017840152	0.009382202
D006262	genus	107	11	0.127290774	0.044848795	0.261672646
D006262	genus	776	11	0.042393986	0.009262118	0.097177616
D006262	genus	1707	11	0.057588233	0.033463908	0.069178937
D006262	genus	2330	11	0.187592812	0.072221128	0.296327465
D006262	genus	5740	11	0.033171367	0.004001115	0.065083961
D006262	genus	49279	11	0.105591736	0.006465273	0.253420872
D006262	genus	53416	11	0.15643229	0.11186761	0.175619528
D006262	genus	111830	11	0.057626184	0.048412753	0.053201207
D006262	genus	119977	11	0.310641249	0.335298878	0.185499079
D006262	genus	256616	11	0.181297085	0.171538356	0.132296291
D006262	genus	346096	11	0.156795032	0.023172823	0.405837095
D006262	genus	487649	11	0.011568612	0.010423082	0.004600133
D006262	genus	908284	11	0.018323168	0.000381473	0.059505869
D006262	genus	944321	11	0.034243076	0.024611144	0.030014126
D006262	genus	1553903	11	0.54126542	0.148468079	0.844429145
D006262	genus	1637257	11	0.0152648	0.00075	0.02247081
D006262	genus	1648517	11	0.019103588	0.000664728	0.06115478
D006262	genus	1692042	11	0.025204307	0.016773833	0.020078265
D006262	genus	1890298	11	0.076449483	0.070930911	0.074984464
D006262	genus	1934947	11	0.101615435	0.051367664	0.112570666
D006262	genus	1960084	11	0.646796735	0.680798391	0.388188178
D006262	genus	2941496	11	0.173969038	0.02856	0.441672244
D006262	genus	3120720	11	0.039272663	0.027807387	0.035597129
D006262	genus	441	10	0.489792068	0.092434917	1.039440384
D006262	genus	919	10	0.02976936	0.026447326	0.023868477
D006262	genus	29526	10	0.415073632	0.049656087	1.049428671
D006262	genus	93171	10	0.02282747	0.017799091	0.015645037
D006262	genus	110932	10	0.193390486	0.11948555	0.260703717
D006262	genus	169055	10	0.035184526	0.035440398	0.024378254
D006262	genus	202746	10	0.049741036	0.020879247	0.084365329
D006262	genus	222991	10	0.491640536	0.041837813	1.271154121
D006262	genus	323449	10	0.047166585	0.027690579	0.049519731
D006262	genus	455076	10	0.036707305	0.020316458	0.033065205
D006262	genus	596498	10	0.072391566	0.028013576	0.14521516
D006262	genus	610116	10	0.021087482	0.016226391	0.011803342
D006262	genus	929509	10	0.015040335	0.01153701	0.016821657
D006262	genus	1288026	10	0.036143875	0.012862712	0.06586572
D006262	genus	1348508	10	0.010665927	0.00848062	0.007964149
D006262	genus	1434702	10	0.115408749	0.016545804	0.285639353
D006262	genus	1643824	10	0.100965906	0.046547643	0.136390438
D006262	genus	1648511	10	0.056440362	0.04388896	0.054507263
D006262	genus	1762932	10	0.000353826	0.000353826	0.0
D006262	genus	1912215	10	0.065063264	0.020206802	0.10960038
D006262	genus	2024199	10	0.022725616	0.001675026	0.034452702
D006262	genus	2983249	10	0.006548421	0.004165203	0.006969846
D006262	genus	404	9	0.398513078	0.341005968	0.332443531
D006262	genus	1073	9	0.787461113	0.20988806	1.16614034
D006262	genus	1817	9	0.016263691	0.002904191	0.031058063
D006262	genus	4038	9	0.552858965	0.112591481	0.754022608
D006262	genus	33969	9	0.043168691	0.026020003	0.049580656
D006262	genus	34037	9	0.085131088	0.029355644	0.104764647
D006262	genus	34098	9	0.03539561	0.010111351	0.053539734
D006262	genus	48075	9	0.031136356	0.007587973	0.040741791
D006262	genus	67572	9	0.082537366	0.064392817	0.072909889
D006262	genus	75654	9	0.192599167	0.04681374	0.429122103
D006262	genus	100132	9	0.057237838	0.06428366	0.033324637
D006262	genus	219181	9	0.205952057	0.170610489	0.248256861
D006262	genus	265487	9	0.024673523	0.019904459	0.024767076
D006262	genus	293136	9	0.105049908	0.058526797	0.130885481
D006262	genus	312278	9	0.016809953	0.014622555	0.009284306
D006262	genus	414371	9	0.061499471	0.042251141	0.053699967
D006262	genus	469322	9	0.059229817	0.044202151	0.058678327
D006262	genus	1145345	9	0.021641353	0.00951149	0.031158963
D006262	genus	1276290	9	1.255028577	0.016949998	3.097716596
D006262	genus	1519373	9	0.117692349	0.109784548	0.10487995
D006262	genus	1549126	9	0.04708539	0.007848677	0.113278043
D006262	genus	1734920	9	0.045833687	0.041804855	0.036395761
D006262	genus	1769713	9	0.206816018	0.010376314	0.5891487
D006262	genus	1827484	9	0.111951045	0.092148913	0.082739614
D006262	genus	2045098	9	0.023402349	0.015747722	0.01929946
D006262	genus	2767884	9	0.328350181	0.06238	0.511844259
D006262	genus	2834348	9	0.067998085	0.044532382	0.056482042
D006262	genus	2983477	9	0.002630416	0.00256645	0.002470392
D006262	genus	379	8	0.028084064	0.005964999	0.034913208
D006262	genus	862	8	1.097586786	0.042717589	2.955818046
D006262	genus	1060	8	0.051295047	0.035732655	0.055468976
D006262	genus	13075	8	0.909739764	0.153121733	2.061450943
D006262	genus	28065	8	0.069853168	0.026088935	0.091782032
D006262	genus	28209	8	0.04635565	0.025332031	0.038146092
D006262	genus	31980	8	0.044761761	0.037148953	0.043957141
D006262	genus	36853	8	9.483335741	4.742722097	11.56529064
D006262	genus	41949	8	0.084730458	0.08696935	0.038029111
D006262	genus	43676	8	0.387696265	0.01758943	0.918157906
D006262	genus	57479	8	0.124283649	0.031046492	0.166948645
D006262	genus	64895	8	0.142230004	0.177457915	0.073658484
D006262	genus	84406	8	5.468399493	1.003496683	7.99686405
D006262	genus	93681	8	0.177962257	0.02842337	0.349460645
D006262	genus	94008	8	0.160444952	0.07169655	0.159790228
D006262	genus	151037	8	0.126419397	0.060996091	0.196006625
D006262	genus	153265	8	0.029297764	0.024448153	0.028403457
D006262	genus	186475	8	0.019169272	0.014520097	0.014264061
D006262	genus	191373	8	0.055468984	0.054748771	0.026526519
D006262	genus	233189	8	0.021285658	0.01429339	0.017919748
D006262	genus	329857	8	0.033376465	0.016904076	0.035763513
D006262	genus	404432	8	0.006588271	0.003210106	0.007615724
D006262	genus	475961	8	2.350587541	0.087486907	6.397404934
D006262	genus	556257	8	0.077124503	0.077188197	0.065632664
D006262	genus	1004302	8	0.056587897	0.022906271	0.066485462
D006262	genus	1055688	8	1.583741224	1.13806589	1.738779142
D006262	genus	1210116	8	0.023740695	0.018030241	0.017910781
D006262	genus	1249554	8	0.0362391	0.01569307	0.044737346
D006262	genus	1564515	8	0.012681744	0.009270653	0.011363214
D006262	genus	1618330	8	0.046919627	0.01464423	0.096746266
D006262	genus	1649295	8	0.158214144	0.009465	0.214279615
D006262	genus	1649475	8	0.149024536	0.050175191	0.249789563
D006262	genus	1649503	8	0.149860281	0.025175205	0.355974022
D006262	genus	1649511	8	0.227223593	0.262572807	0.195770536
D006262	genus	1855416	8	0.065445232	0.02744111	0.12419384
D006262	genus	1914234	8	0.456582842	0.00428578	1.221451519
D006262	genus	1961799	8	0.01201488	0.010561699	0.008011474
D006262	genus	1962854	8	0.272714638	0.007307003	0.70329248
D006262	genus	2767889	8	0.234274217	0.068043675	0.414507085
D006262	genus	2976153	8	0.015389752	0.004161502	0.02732126
D006262	genus	234	7	0.03020884	0.009542659	0.048102446
D006262	genus	864	7	1.589271367	0.044590009	4.02547521
D006262	genus	1111	7	0.039587388	0.021080369	0.039182543
D006262	genus	1573	7	0.016610677	0.008260344	0.021928752
D006262	genus	1663	7	0.027951922	0.013810247	0.030183044
D006262	genus	1835	7	0.101092873	0.10640356	0.063366669
D006262	genus	1860	7	0.013744469	0.012657026	0.006922372
D006262	genus	28895	7	0.068384562	0.036930831	0.107494631
D006262	genus	29407	7	0.174073129	0.023621582	0.375882059
D006262	genus	32199	7	0.073845991	0.039525692	0.093382849
D006262	genus	43773	7	0.46757454	0.03551767	1.171915696
D006262	genus	57499	7	0.096821008	0.021721423	0.16193934
D006262	genus	57665	7	0.017595608	0.0152207	0.014109487
D006262	genus	70994	7	0.005897606	0.005026262	0.002862646
D006262	genus	75984	7	0.099861785	0.078846587	0.09475635
D006262	genus	114627	7	0.326482904	0.088331419	0.626238386
D006262	genus	115780	7	0.27480534	0.10719071	0.27728236
D006262	genus	186817	7	0.437154286	0.070771408	0.6743644
D006262	genus	200623	7	0.0530394	0.010904531	0.102389044
D006262	genus	241189	7	0.667193605	0.312959924	0.628052159
D006262	genus	281915	7	0.325000344	0.192502533	0.307435045
D006262	genus	354354	7	0.036428103	0.0330841	0.020985776
D006262	genus	365532	7	0.039809648	0.009586257	0.042150309
D006262	genus	374468	7	2.51337151	0.011526386	6.608792382
D006262	genus	377315	7	0.062212841	0.014314798	0.132116617
D006262	genus	380240	7	0.065684029	0.06684492	0.049807676
D006262	genus	561367	7	0.341582679	0.028630963	0.817879662
D006262	genus	596707	7	0.019050922	0.014145272	0.010343666
D006262	genus	1193515	7	0.126890449	0.091683039	0.104090051
D006262	genus	1274363	7	0.040383297	0.037234703	0.030244081
D006262	genus	1408194	7	0.043920546	0.012917727	0.069990265
D006262	genus	1434010	7	0.019988669	0.019201229	0.011897819
D006262	genus	1472763	7	0.080938707	0.010349999	0.136476189
D006262	genus	1484898	7	0.115234048	0.030436768	0.172590713
D006262	genus	1562564	7	0.040826605	0.04026228	0.029141212
D006262	genus	1663425	7	0.034605862	0.035570311	0.028986974
D006262	genus	1663717	7	12.41311865	0.776233152	26.38614743
D006262	genus	1803399	7	0.79567181	0.012611401	1.601246626
D006262	genus	1843210	7	0.417632001	0.005242739	1.094129634
D006262	genus	1884449	7	7.469287939	6.060606061	7.023034436
D006262	genus	1922299	7	0.024081433	0.00311	0.055681744
D006262	genus	1980038	7	0.876025988	0.037347053	1.959481607
D006262	genus	2125991	7	0.050138617	0.021080369	0.060732937
D006262	genus	55	6	0.045747289	0.030080295	0.041778018
D006262	genus	191	6	0.039766927	0.028002498	0.028872623
D006262	genus	1011	6	0.00752669	0.00831663	0.002252811
D006262	genus	1041	6	0.045584589	0.025473676	0.049192165
D006262	genus	34084	6	0.00365146	0.000280033	0.008352084
D006262	genus	34096	6	0.101367952	0.034441465	0.169911792
D006262	genus	56999	6	0.020695722	0.009136526	0.024461526
D006262	genus	57495	6	0.040005415	0.02123319	0.044684628
D006262	genus	58108	6	0.019172289	0.01927867	0.012330309
D006262	genus	58904	6	0.01319016	0.010989011	0.005256667
D006262	genus	59195	6	0.054053691	0.051252487	0.048417645
D006262	genus	82345	6	0.020735904	0.0177174	0.012696019
D006262	genus	88138	6	0.040618576	0.028748642	0.045004213
D006262	genus	99479	6	0.018010436	0.01353086	0.014777751
D006262	genus	182639	6	0.022122876	0.019860481	0.009238703
D006262	genus	201096	6	0.100379468	0.083532714	0.077230351
D006262	genus	203133	6	0.057464721	0.023724999	0.089807881
D006262	genus	242605	6	0.075449428	0.082598938	0.042313096
D006262	genus	261933	6	0.092973426	0.050073363	0.113500813
D006262	genus	319458	6	0.112095412	0.112146759	0.058483791
D006262	genus	340117	6	0.035674049	0.033271694	0.030606611
D006262	genus	361050	6	0.071580611	0.072690246	0.039819359
D006262	genus	392332	6	0.236842542	0.039597057	0.40791908
D006262	genus	513557	6	0.11832013	0.016392357	0.255372019
D006262	genus	519427	6	0.37067995	0.384364121	0.258940897
D006262	genus	565005	6	0.08090664	0.073897925	0.046925523
D006262	genus	649461	6	0.149695205	0.033613311	0.300631552
D006262	genus	667112	6	0.089247971	0.094095561	0.055006664
D006262	genus	1042313	6	0.02814923	0.020239186	0.026617738
D006262	genus	1076933	6	0.208894253	0.206200183	0.04333886
D006262	genus	1155385	6	0.048632081	0.035120802	0.040394656
D006262	genus	1221880	6	0.135029583	0.00881853	0.221844955
D006262	genus	1344552	6	0.07334659	0.052577697	0.081705385
D006262	genus	1431823	6	0.150322188	0.033792093	0.282987371
D006262	genus	1453544	6	0.133836309	0.11620384	0.125765837
D006262	genus	1612198	6	0.306165925	0.17811988	0.329327169
D006262	genus	1649298	6	10.63054306	0.027456394	25.95941245
D006262	genus	1649496	6	3.896817429	2.477886829	4.895574344
D006262	genus	1730861	6	0.012561835	0.007608269	0.012826829
D006262	genus	1738655	6	0.152047043	0.048860422	0.252973565
D006262	genus	1755683	6	0.076755962	0.031040874	0.105591261
D006262	genus	1840213	6	0.022501931	0.011313799	0.028614039
D006262	genus	1857532	6	0.049220311	0.041448817	0.044628881
D006262	genus	1918542	6	0.221850386	0.029130003	0.486539315
D006262	genus	1934946	6	0.180814131	0.164743139	0.055025388
D006262	genus	1979843	6	0.018754728	0.002293235	0.031062073
D006262	genus	2004797	6	0.789508246	0.040787645	1.301090913
D006262	genus	2211217	6	0.019994865	0.012527284	0.014080791
D006262	genus	2662752	6	0.12354931	0.069674991	0.170329622
D006262	genus	2767891	6	0.031471377	0.01989	0.029666477
D006262	genus	2815778	6	0.269982758	0.030716299	0.513260969
D006262	genus	2901261	6	0.02691632	0.008715002	0.044307812
D006262	genus	3018589	6	0.034761625	0.023677472	0.041200326
D006262	genus	93	5	0.006683946	0.005692816	0.002613117
D006262	genus	146	5	0.338528342	0.020698696	0.674499715
D006262	genus	978	5	0.027483722	0.029258587	0.024259886
D006262	genus	1013	5	0.123649959	0.039660506	0.14916183
D006262	genus	1177	5	0.016508916	0.015747722	0.005249202
D006262	genus	2357	5	0.042077511	0.006278942	0.072991886
D006262	genus	4958	5	0.004770001	0.00133	0.005743915
D006262	genus	5552	5	0.174253826	0.065870007	0.257232823
D006262	genus	28231	5	1.240798051	0.763358779	1.190298036
D006262	genus	44000	5	0.022210278	0.010707211	0.02546137
D006262	genus	53460	5	0.053494177	0.028487323	0.041828474
D006262	genus	55079	5	0.031733334	0.020986359	0.019967136
D006262	genus	58113	5	0.00948767	0.009586257	0.005482267
D006262	genus	79206	5	0.747926288	0.050459179	1.345079172
D006262	genus	85033	5	0.313825694	0.096463023	0.470147813
D006262	genus	85043	5	0.025939353	0.017156582	0.01888507
D006262	genus	158848	5	0.071618365	0.034670003	0.093287964
D006262	genus	165301	5	0.041495607	0.03012467	0.032124464
D006262	genus	200670	5	0.156244258	0.097367191	0.158392537
D006262	genus	203492	5	0.077041777	0.018836826	0.104753275
D006262	genus	213421	5	0.174436821	0.020841087	0.330355805
D006262	genus	227864	5	2.501975954	2.197802198	1.656222716
D006262	genus	246873	5	0.008992383	0.005751754	0.006404842
D006262	genus	303226	5	0.057661751	0.052286063	0.046130466
D006262	genus	379899	5	0.01672056	0.010721178	0.016301227
D006262	genus	460073	5	0.064157607	0.010547411	0.108611277
D006262	genus	518755	5	0.044401498	0.02371354	0.062547092
D006262	genus	577469	5	0.052077542	0.029258587	0.038007427
D006262	genus	622681	5	0.015407293	0.01611636	0.012023448
D006262	genus	643951	5	0.152123304	0.145007596	0.104354494
D006262	genus	1000999	5	0.022486765	0.022577441	0.00624699
D006262	genus	1004301	5	0.02709755	0.028758771	0.019858951
D006262	genus	1077263	5	0.015742548	0.018084818	0.011179049
D006262	genus	1077265	5	0.032002065	0.028961443	0.022217952
D006262	genus	1193503	5	0.042844386	0.013799131	0.067694778
D006262	genus	1215913	5	0.012783908	0.010128121	0.007812914
D006262	genus	1218803	5	0.703425282	0.669276424	0.179826022
D006262	genus	1279388	5	26.48394542	25.0	30.24331202
D006262	genus	1521255	5	0.272665031	0.027446137	0.464694678
D006262	genus	1544982	5	0.039695661	0.041430742	0.024330616
D006262	genus	1572663	5	0.59646234	0.058235465	0.913282789
D006262	genus	1573806	5	0.054382683	0.064036885	0.027598609
D006262	genus	1752728	5	0.017536213	0.002159769	0.032129634
D006262	genus	1789690	5	0.045905314	0.043411152	0.034683875
D006262	genus	1795363	5	0.035477358	0.029240479	0.023746526
D006262	genus	1945592	5	0.03985406	0.00051	0.08342683
D006262	genus	2060094	5	0.359129239	0.075520552	0.596351194
D006262	genus	2093335	5	0.03581775	0.021089766	0.046041472
D006262	genus	2518495	5	0.572018749	0.871509913	0.515553199
D006262	genus	2761542	5	0.002768163	0.00089	0.003572892
D006262	genus	2815775	5	0.003890431	0.004400154	0.002600936
D006262	genus	2829815	5	0.007819377	0.009391639	0.004958388
D006262	genus	2995122	5	0.005548719	0.003670527	0.005099762
D006262	genus	517	4	0.034685093	0.031423047	0.02984741
D006262	genus	898	4	0.335773908	0.021636571	0.633084759
D006262	genus	1030	4	2.342677584	0.023763762	4.639765929
D006262	genus	1158	4	0.031643971	0.032535098	0.022935608
D006262	genus	1851	4	0.156827079	0.161956245	0.051308885
D006262	genus	2023	4	0.11347639	0.084689839	0.098616393
D006262	genus	2375	4	0.046617707	0.038075981	0.046566269
D006262	genus	5422	4	9.909932457	5.847039622	13.18867914
D006262	genus	33981	4	0.029177752	0.026255257	0.018289665
D006262	genus	35798	4	0.095283925	0.102808032	0.051671899
D006262	genus	35838	4	0.08329166	0.084044323	0.032910445
D006262	genus	46468	4	0.014225278	0.012709702	0.009752208
D006262	genus	55506	4	1.154834229	1.156207565	1.235563402
D006262	genus	57739	4	0.030728592	0.003445879	0.055722064
D006262	genus	64968	4	0.043408957	0.003928	0.081605283
D006262	genus	82980	4	0.177177735	0.06963917	0.259486931
D006262	genus	93368	4	0.021282089	0.018845528	0.013504232
D006262	genus	112987	4	0.013488813	0.012997068	0.007614401
D006262	genus	142577	4	0.216953508	0.135146738	0.21776481
D006262	genus	146784	4	0.242772626	0.250822864	0.209832018
D006262	genus	157920	4	8.906969306	0.317680481	17.39030841
D006262	genus	188786	4	0.047636977	0.027219422	0.052998771
D006262	genus	212743	4	0.176665971	0.06811249	0.262070758
D006262	genus	221279	4	0.080993594	0.081492877	0.053301057
D006262	genus	231454	4	0.075845541	0.037750912	0.090617924
D006262	genus	292625	4	0.029705345	0.031757243	0.011549225
D006262	genus	317661	4	0.095257564	0.083407021	0.086993773
D006262	genus	332100	4	0.191299246	0.227160579	0.130302296
D006262	genus	347533	4	0.188398948	0.19591749	0.078406618
D006262	genus	359336	4	0.042855629	0.018700764	0.058718258
D006262	genus	366614	4	0.180665623	0.051022119	0.293397746
D006262	genus	415014	4	0.132202228	0.049240213	0.196512768
D006262	genus	497726	4	0.0590754	0.015276646	0.09323112
D006262	genus	568386	4	0.09680203	0.069106749	0.074269713
D006262	genus	582472	4	0.169777982	0.019950951	0.313038507
D006262	genus	661182	4	0.041440338	0.040337226	0.0160716
D006262	genus	695999	4	0.016647244	0.014063214	0.012839298
D006262	genus	697331	4	0.062295766	0.050417704	0.040841683
D006262	genus	768650	4	0.046197188	0.046983304	0.039043515
D006262	genus	940557	4	0.072029145	0.069764205	0.030850602
D006262	genus	1068873	4	2.755097171	1.869203926	2.505093597
D006262	genus	1170227	4	0.322263137	0.179369901	0.423152337
D006262	genus	1200657	4	0.17429868	0.06507493	0.264812797
D006262	genus	1329200	4	0.09874171	0.104110352	0.044556404
D006262	genus	1379908	4	0.046969496	0.03277566	0.053653515
D006262	genus	1433999	4	0.141047401	0.091064546	0.15505915
D006262	genus	1434004	4	0.097868143	0.098414054	0.073585999
D006262	genus	1434034	4	0.028835646	0.027533316	0.013398447
D006262	genus	1494958	4	8.243304445	6.822899026	8.915781503
D006262	genus	1524214	4	0.789730897	0.083474698	1.464789132
D006262	genus	1565313	4	0.211235042	0.097159924	0.285635897
D006262	genus	1573808	4	0.024830259	0.004251597	0.042012813
D006262	genus	1628153	4	0.018705956	0.009281196	0.022156767
D006262	genus	1649284	4	0.017060797	0.016090683	0.01143793
D006262	genus	1649474	4	0.030302171	0.027241282	0.024546063
D006262	genus	1759365	4	0.011459497	0.01361594	0.004557588
D006262	genus	1779141	4	0.014504007	0.015871743	0.006475488
D006262	genus	1825023	4	0.158563548	0.011830003	0.300999968
D006262	genus	1827277	4	0.543540854	0.389055617	0.577378023
D006262	genus	1911556	4	0.025401155	0.015090559	0.02479967
D006262	genus	2109263	4	0.018435958	0.012258729	0.013650043
D006262	genus	2233801	4	0.052859769	0.050922244	0.034539916
D006262	genus	2321111	4	0.016455044	0.000940107	0.031575929
D006262	genus	2321113	4	0.037544677	0.038695916	0.023443391
D006262	genus	2518497	4	0.041860648	0.007050305	0.071969307
D006262	genus	2758103	4	0.360955287	0.378855036	0.217987962
D006262	genus	2782229	4	1.46151016	1.357410007	1.403958967
D006262	genus	2782231	4	0.00524	0.001485	0.007553582
D006262	genus	2812025	4	0.040288548	0.040288548	0.021449
D006262	genus	3090883	4	0.042908006	0.042580285	0.00461755
D006262	genus	3119832	4	0.149835738	0.168574418	0.07998954
D006262	genus	18	3	0.046902807	0.006362133	0.072381147
D006262	genus	59	3	0.204426623	0.08615963	0.223348749
D006262	genus	85	3	0.013949672	0.013175231	0.0027993
D006262	genus	352	3	0.008876854	0.008060245	0.003700768
D006262	genus	522	3	0.094531701	0.086127345	0.065932639
D006262	genus	843	3	0.009843711	0.011860989	0.00667594
D006262	genus	1653	3	0.093298874	0.080919788	0.075532237
D006262	genus	1813	3	0.025378532	0.02323825	0.011579427
D006262	genus	1865	3	0.017084016	0.019201229	0.007793929
D006262	genus	2060	3	0.207362655	0.244788962	0.191364342
D006262	genus	2071	3	0.057590747	0.021828342	0.061942303
D006262	genus	2077	3	0.009922331	0.007554725	0.004634617
D006262	genus	2332	3	0.016800815	0.013287407	0.012048483
D006262	genus	4919	3	0.041025403	0.005946187	0.065611881
D006262	genus	28228	3	0.158460141	0.154697447	0.136099818
D006262	genus	33951	3	0.017419889	0.010727542	0.011734458
D006262	genus	34102	3	0.37120332	0.423429781	0.215139399
D006262	genus	35753	3	0.066656697	0.033943445	0.065802709
D006262	genus	39643	3	0.019666879	0.013269639	0.018643624
D006262	genus	44675	3	0.031706869	0.007237723	0.042381804
D006262	genus	45402	3	0.011523587	0.009930158	0.005868756
D006262	genus	45989	3	0.007488316	0.00736974	0.005038616
D006262	genus	46239	3	0.030674954	0.019803941	0.032041004
D006262	genus	46254	3	0.776938793	0.155864398	1.197389704
D006262	genus	49894	3	0.00994935	0.012010569	0.00496007
D006262	genus	53457	3	0.024410177	0.018370013	0.026011658
D006262	genus	56358	3	0.096266417	0.064368892	0.085813608
D006262	genus	59026	3	0.019033234	0.018879907	0.014184491
D006262	genus	65402	3	0.024145634	0.008774495	0.032403692
D006262	genus	70411	3	0.425887456	0.155128951	0.575109326
D006262	genus	74385	3	4.021013767	2.857142857	3.237151198
D006262	genus	84756	3	0.019737686	0.01899696	0.01476327
D006262	genus	111142	3	0.015562017	0.00577947	0.019608119
D006262	genus	111500	3	0.019054956	0.02269804	0.012471976
D006262	genus	135575	3	0.170916791	0.081766149	0.154787953
D006262	genus	146937	3	0.057083693	0.041649313	0.033519064
D006262	genus	160795	3	0.12683543	0.055490949	0.173669873
D006262	genus	168470	3	0.046622466	0.009856101	0.069649429
D006262	genus	171552	3	0.197638535	0.145209537	0.118607858
D006262	genus	178469	3	0.023772782	0.01520296	0.018713311
D006262	genus	181069	3	0.004143602	0.004193575	0.000185185
D006262	genus	182402	3	0.012036226	0.014138272	0.004425145
D006262	genus	182623	3	0.234071329	0.047936341	0.336624009
D006262	genus	186828	3	0.127018186	0.152726619	0.092073218
D006262	genus	187144	3	0.015587047	0.004709206	0.018943846
D006262	genus	204446	3	0.008385408	0.005828978	0.00465045
D006262	genus	204476	3	0.012378284	0.013083868	0.001222107
D006262	genus	224463	3	0.024347695	0.034525618	0.017676262
D006262	genus	225842	3	0.157417941	0.147562582	0.132968232
D006262	genus	249523	3	0.041380347	0.036613943	0.020468675
D006262	genus	256818	3	0.013670001	0.006379999	0.012626652
D006262	genus	265488	3	0.013638307	0.017591918	0.008505759
D006262	genus	283810	3	0.11158728	0.116788321	0.068068189
D006262	genus	285105	3	0.067933432	0.058160995	0.058887638
D006262	genus	290180	3	0.077846288	0.010707211	0.121464746
D006262	genus	303379	3	0.180097847	0.020584603	0.284967371
D006262	genus	305976	3	0.037985706	0.019723866	0.044956945
D006262	genus	332652	3	0.292813982	0.208806731	0.311838789
D006262	genus	334107	3	0.015414717	0.015901032	0.005074094
D006262	genus	359407	3	2.362226003	0.023218017	4.062065184
D006262	genus	396811	3	0.008884332	0.006458863	0.007267757
D006262	genus	402649	3	0.025439075	0.006892409	0.034714753
D006262	genus	413435	3	0.03953899	0.038651255	0.036156528
D006262	genus	418700	3	0.02633775	0.018268177	0.020896558
D006262	genus	442430	3	0.005663596	0.005177145	0.003163761
D006262	genus	455433	3	0.007746818	0.00459971	0.006755128
D006262	genus	458839	3	0.006717993	0.007543063	0.004316873
D006262	genus	459520	3	0.054028653	0.063931806	0.019449538
D006262	genus	475965	3	0.012888347	0.007138608	0.011235862
D006262	genus	510701	3	0.032982603	0.008916895	0.046419092
D006262	genus	511678	3	1.93502508	0.603800391	2.604992603
D006262	genus	518754	3	0.032447475	0.026951756	0.029127942
D006262	genus	660514	3	0.02243012	0.027452482	0.019587931
D006262	genus	1054211	3	0.137078949	0.123097583	0.030028165
D006262	genus	1055323	3	1.018022899	0.039366635	1.703523727
D006262	genus	1078904	3	0.028936399	0.035932447	0.018528931
D006262	genus	1120752	3	0.009260019	0.010135306	0.005045143
D006262	genus	1284657	3	0.00797657	0.00624756	0.003651572
D006262	genus	1432311	3	0.945060521	0.024543681	1.609686364
D006262	genus	1454725	3	0.767123113	0.092810737	1.236140761
D006262	genus	1470540	3	0.131276302	0.035460993	0.191649054
D006262	genus	1508451	3	0.026435373	0.029839612	0.012553642
D006262	genus	1511635	3	0.011377914	0.012304663	0.001605178
D006262	genus	1538466	3	0.010880709	0.005494505	0.009329179
D006262	genus	1543704	3	0.005593884	0.005593884	0.0
D006262	genus	1648508	3	0.083385026	0.091483424	0.019636779
D006262	genus	1649292	3	0.155197533	0.013693539	0.256620151
D006262	genus	1649468	3	0.008556871	0.009780611	0.007896442
D006262	genus	1649469	3	0.297555974	0.225534419	0.322278979
D006262	genus	1649476	3	0.008185557	0.010361084	0.003768123
D006262	genus	1649484	3	0.056437218	0.044033465	0.050026729
D006262	genus	1742990	3	0.07125761	0.015666205	0.107658317
D006262	genus	1747773	3	0.005338141	0.00459971	0.001940444
D006262	genus	1759371	3	0.010608325	0.003263388	0.013189816
D006262	genus	1768185	3	0.087923414	0.089909399	0.059862206
D006262	genus	1909407	3	0.02183846	0.027343799	0.01675358
D006262	genus	1930613	3	0.056582045	0.012557884	0.083097594
D006262	genus	1930924	3	0.202071505	0.045492949	0.285641786
D006262	genus	1973274	3	0.116362152	0.0039	0.197515717
D006262	genus	2023705	3	0.032599049	0.020715371	0.027286487
D006262	genus	2024975	3	0.145943953	0.063870556	0.186783913
D006262	genus	2315876	3	0.01545873	0.013832215	0.003198524
D006262	genus	2675230	3	0.194313796	0.000920693	0.334966679
D006262	genus	2689614	3	0.061223219	0.087143438	0.047310747
D006262	genus	2767888	3	0.123279758	0.132362674	0.115326867
D006262	genus	2767892	3	0.319772273	0.008716985	0.54614724
D006262	genus	2791001	3	26.32440934	0.515162279	45.10265537
D006262	genus	2817139	3	0.003803333	0.003240001	0.002925958
D006262	genus	2884634	3	0.197313866	0.00226175	0.33961857
D006262	genus	2967351	3	0.005313777	0.004489998	0.001426827
D006262	genus	3409995	3	0.058708984	0.046934585	0.049051786
D006262	genus	6	2	0.011731964	0.011731964	0.000776982
D006262	genus	47	2	0.027516605	0.027516605	0.009088924
D006262	genus	105	2	0.022831761	0.022831761	0.02245759
D006262	genus	133	2	0.029602973	0.029602973	0.025691703
D006262	genus	403	2	0.299506043	0.299506043	0.117269253
D006262	genus	416	2	0.151731449	0.151731449	0.198748152
D006262	genus	543	2	0.380367878	0.380367878	0.469768731
D006262	genus	551	2	0.020639998	0.020639998	0.008301429
D006262	genus	780	2	0.007180752	0.007180752	0.001981712
D006262	genus	939	2	0.018188932	0.018188932	0.023893271
D006262	genus	992	2	0.004528286	0.004528286	0.000981157
D006262	genus	1068	2	0.020722168	0.020722168	0.0
D006262	genus	1070	2	0.281466687	0.281466687	0.338749552
D006262	genus	1372	2	0.087920558	0.087920558	0.056412722
D006262	genus	1651	2	0.030880311	0.030880311	0.007927299
D006262	genus	1873	2	0.064515534	0.064515534	0.023613468
D006262	genus	2000	2	0.011524193	0.011524193	0.003189141
D006262	genus	2013	2	0.065711503	0.065711503	0.01062977
D006262	genus	2034	2	0.008014001	0.008014001	0.006861193
D006262	genus	2132	2	0.002185848	0.002185848	0.000291221
D006262	genus	2349	2	0.046434016	0.046434016	0.057120625
D006262	genus	2420	2	13.58125662	13.58125662	4.320338748
D006262	genus	2735	2	0.024608564	0.024608564	0.027724257
D006262	genus	5453	2	2.91920674	2.91920674	3.754903297
D006262	genus	5806	2	0.009961937	0.009961937	0.0
D006262	genus	5820	2	0.00483643	0.00483643	0.000618335
D006262	genus	13134	2	0.057987762	0.057987762	0.070744877
D006262	genus	29331	2	3.577523159	3.577523159	0.008619049
D006262	genus	32205	2	0.192319478	0.192319478	0.013322641
D006262	genus	33983	2	7.758229228	7.758229228	10.83617315
D006262	genus	35812	2	0.069899408	0.069899408	0.050107717
D006262	genus	35823	2	0.033744837	0.033744837	0.02781512
D006262	genus	36910	2	0.039286412	0.039286412	0.033228938
D006262	genus	41201	2	0.02236	0.02236	0.0
D006262	genus	43673	2	0.053901834	0.053901834	0.048079549
D006262	genus	45667	2	0.031280508	0.031280508	0.039797436
D006262	genus	45669	2	0.041171668	0.041171668	0.025200694
D006262	genus	46205	2	0.043608207	0.043608207	0.00204703
D006262	genus	48073	2	0.017626621	0.017626621	0.017089571
D006262	genus	50709	2	0.192711165	0.192711165	0.260125732
D006262	genus	52959	2	0.039117645	0.039117645	0.015046931
D006262	genus	54066	2	0.03058993	0.03058993	0.004328456
D006262	genus	61434	2	0.014715982	0.014715982	0.0
D006262	genus	81466	2	0.06435043	0.06435043	0.08190263
D006262	genus	84034	2	0.28909155	0.28909155	0.083634161
D006262	genus	85018	2	0.150343978	0.150343978	0.196167454
D006262	genus	89092	2	0.130856493	0.130856493	0.089396329
D006262	genus	91559	2	0.005653027	0.005653027	0.001137129
D006262	genus	91914	2	6.068630276	6.068630276	0.219127527
D006262	genus	93217	2	0.079535098	0.079535098	0.03107822
D006262	genus	104267	2	0.043519752	0.043519752	0.009129116
D006262	genus	106146	2	0.003143625	0.003143625	0.00287583
D006262	genus	109168	2	0.02052424	0.02052424	0.00734347
D006262	genus	109262	2	0.034307747	0.034307747	0.017177411
D006262	genus	116071	2	14.28815899	14.28815899	20.10518678
D006262	genus	120652	2	0.021386873	0.021386873	0.012328747
D006262	genus	125287	2	0.003642283	0.003642283	0.001403298
D006262	genus	136491	2	0.085361696	0.085361696	0.074522829
D006262	genus	141450	2	0.091034744	0.091034744	0.096764875
D006262	genus	145357	2	0.11076472	0.11076472	0.062231187
D006262	genus	146936	2	0.000255554	0.000255554	0.000303273
D006262	genus	149711	2	0.177107328	0.177107328	0.23219916
D006262	genus	152161	2	0.015241537	0.015241537	0.00212255
D006262	genus	165812	2	0.024839503	0.024839503	0.025370904
D006262	genus	166588	2	0.017498879	0.017498879	0.017362032
D006262	genus	166953	2	0.018642743	0.018642743	0.001784336
D006262	genus	168934	2	0.021498298	0.021498298	0.01397126
D006262	genus	171413	2	0.312212101	0.312212101	0.411686264
D006262	genus	171550	2	0.213695963	0.213695963	0.275517121
D006262	genus	182269	2	0.027966079	0.027966079	0.010207449
D006262	genus	186831	2	0.190398503	0.190398503	0.210719392
D006262	genus	190323	2	0.001455237	0.001455237	0.001167062
D006262	genus	198705	2	0.02877551	0.02877551	0.037483025
D006262	genus	204037	2	0.749107613	0.749107613	0.295484661
D006262	genus	211469	2	0.107804152	0.107804152	0.090147956
D006262	genus	214906	2	0.433779774	0.433779774	0.50877822
D006262	genus	224461	2	0.017821366	0.017821366	0.019107502
D006262	genus	225447	2	0.015750358	0.015750358	0.012251595
D006262	genus	237179	2	0.008693923	0.008693923	0.00465719
D006262	genus	240233	2	0.139459867	0.139459867	0.181756624
D006262	genus	244825	2	0.029005704	0.029005704	0.011724302
D006262	genus	252356	2	0.066608803	0.066608803	0.032044946
D006262	genus	268408	2	0.129448291	0.129448291	0.011277516
D006262	genus	274470	2	0.017039537	0.017039537	0.014266148
D006262	genus	281119	2	0.011045873	0.011045873	0.005863765
D006262	genus	286130	2	0.018463671	0.018463671	0.016354114
D006262	genus	286729	2	0.007983682	0.007983682	0.003964904
D006262	genus	289201	2	0.04932523	0.04932523	0.056295721
D006262	genus	292713	2	0.06826822	0.06826822	0.075779124
D006262	genus	300418	2	0.034640839	0.034640839	0.015839382
D006262	genus	305899	2	0.163729188	0.163729188	0.127957827
D006262	genus	316612	2	0.000665451	0.000665451	0.000147854
D006262	genus	320599	2	0.065833043	0.065833043	0.067421692
D006262	genus	332157	2	0.019525571	0.019525571	0.009150527
D006262	genus	335928	2	0.008731337	0.008731337	0.0
D006262	genus	338321	2	0.01640029	0.01640029	0.017734914
D006262	genus	342943	2	1.225708352	1.225708352	1.072565916
D006262	genus	344063	2	0.037245856	0.037245856	0.000324397
D006262	genus	348581	2	0.012294684	0.012294684	0.00815615
D006262	genus	349314	2	0.017521499	0.017521499	0.011318454
D006262	genus	356797	2	0.36693918	0.36693918	0.399658818
D006262	genus	358023	2	0.038051497	0.038051497	0.046646199
D006262	genus	360541	2	0.06962558	0.06962558	0.087619827
D006262	genus	365348	2	0.017279285	0.017279285	0.00490596
D006262	genus	373053	2	0.056731985	0.056731985	0.05790263
D006262	genus	376469	2	0.036968804	0.036968804	0.016184188
D006262	genus	381430	2	0.008554716	0.008554716	0.009386793
D006262	genus	388463	2	0.178805438	0.178805438	0.248761929
D006262	genus	388745	2	0.037186597	0.037186597	0.026566908
D006262	genus	391952	2	0.017619002	0.017619002	0.006150928
D006262	genus	392735	2	0.011809085	0.011809085	0.012410457
D006262	genus	393029	2	0.002023472	0.002023472	0.0
D006262	genus	414715	2	0.010916155	0.010916155	0.002611023
D006262	genus	418103	2	0.00483643	0.00483643	0.000618335
D006262	genus	435139	2	0.010362609	0.010362609	0.001607489
D006262	genus	456492	2	0.01884095	0.01884095	0.00042807
D006262	genus	475230	2	0.010045899	0.010045899	0.007715063
D006262	genus	475966	2	0.181983076	0.181983076	0.173936709
D006262	genus	487628	2	0.007031607	0.007031607	0.0
D006262	genus	510690	2	0.062303597	0.062303597	0.077149538
D006262	genus	561554	2	0.18793876	0.18793876	0.23144747
D006262	genus	568387	2	0.024190344	0.024190344	0.028687552
D006262	genus	568400	2	0.027794179	0.027794179	0.025513737
D006262	genus	574899	2	0.018346762	0.018346762	0.017897979
D006262	genus	596499	2	0.038747476	0.038747476	0.020089385
D006262	genus	600332	2	0.006422195	0.006422195	0.0
D006262	genus	613121	2	0.009496449	0.009496449	0.007275901
D006262	genus	644355	2	0.004081155	0.004081155	0.000437874
D006262	genus	649462	2	0.019099395	0.019099395	0.014777471
D006262	genus	683756	2	0.000180051	0.000180051	0.000155635
D006262	genus	690086	2	0.017695907	0.017695907	0.001537774
D006262	genus	700450	2	0.01749192	0.01749192	8.94e-05
D006262	genus	863253	2	0.027507324	0.027507324	0.01132834
D006262	genus	998014	2	0.208452796	0.208452796	0.081925008
D006262	genus	1048851	2	0.036776867	0.036776867	0.023363693
D006262	genus	1079922	2	0.043917624	0.043917624	0.033679068
D006262	genus	1091044	2	0.682704547	0.682704547	0.964386557
D006262	genus	1121254	2	0.01869882	0.01869882	0.021793738
D006262	genus	1134403	2	0.015698652	0.015698652	0.002670607
D006262	genus	1137960	2	0.039007763	0.039007763	0.026054283
D006262	genus	1198243	2	0.121410213	0.121410213	0.096221573
D006262	genus	1227556	2	0.048854835	0.048854835	0.027157484
D006262	genus	1233054	2	0.004738706	0.004738706	0.000605827
D006262	genus	1266053	2	0.085241665	0.085241665	0.087011257
D006262	genus	1303912	2	0.063456782	0.063456782	0.027628797
D006262	genus	1335483	2	0.01990513	0.01990513	0.027654802
D006262	genus	1382832	2	0.11921158	0.11921158	0.099252844
D006262	genus	1383070	2	0.016590992	0.016590992	0.010643817
D006262	genus	1395974	2	0.079928173	0.079928173	0.098842275
D006262	genus	1400386	2	0.042986103	0.042986103	0.054299546
D006262	genus	1408818	2	0.138982389	0.138982389	0.049684896
D006262	genus	1433995	2	0.02936	0.02936	0.0
D006262	genus	1434011	2	2.604736039	2.604736039	3.662287386
D006262	genus	1434048	2	0.039984908	0.039984908	0.012790591
D006262	genus	1443919	2	0.092729225	0.092729225	0.075750528
D006262	genus	1471398	2	0.033877318	0.033877318	0.000994504
D006262	genus	1472673	2	0.034926646	0.034926646	0.020726761
D006262	genus	1495649	2	0.014892073	0.014892073	0.004515224
D006262	genus	1505664	2	0.020787139	0.020787139	0.024235574
D006262	genus	1522056	2	0.2008212	0.2008212	0.282999974
D006262	genus	1525371	2	0.029823233	0.029823233	0.0094051
D006262	genus	1541817	2	0.121485299	0.121485299	0.076810349
D006262	genus	1611681	2	0.011873143	0.011873143	0.003781214
D006262	genus	1647173	2	0.015679619	0.015679619	0.002643691
D006262	genus	1647178	2	0.027931017	0.027931017	0.013810803
D006262	genus	1649462	2	0.015307526	0.015307526	0.014496382
D006262	genus	1649480	2	0.004619013	0.004619013	0.001960484
D006262	genus	1649489	2	0.026283595	0.026283595	0.030422555
D006262	genus	1649501	2	0.011976883	0.011976883	0.012358089
D006262	genus	1649506	2	0.012206852	0.012206852	0.001120026
D006262	genus	1742993	2	0.072574956	0.072574956	0.005656301
D006262	genus	1748772	2	0.038223805	0.038223805	0.017730867
D006262	genus	1763552	2	0.016333443	0.016333443	0.005050179
D006262	genus	1769729	2	0.272521195	0.272521195	0.372248306
D006262	genus	1770170	2	0.093556587	0.093556587	0.073587323
D006262	genus	1771349	2	0.005444389	0.005444389	0.002131868
D006262	genus	1777753	2	0.007896172	0.007896172	0.003358141
D006262	genus	1804994	2	0.011716986	0.011716986	0.008077566
D006262	genus	1820337	2	0.059492025	0.059492025	0.052663168
D006262	genus	1822002	2	0.003220001	0.003220001	0.003903231
D006262	genus	1843491	2	0.096871615	0.096871615	0.119628667
D006262	genus	1854458	2	0.02158456	0.02158456	0.017515232
D006262	genus	1866885	2	0.37720991	0.37720991	0.313898715
D006262	genus	1884792	2	0.031547513	0.031547513	0.015660563
D006262	genus	1918521	2	0.215213669	0.215213669	0.295255469
D006262	genus	1921568	2	0.101850774	0.101850774	0.12132532
D006262	genus	1921582	2	0.01854601	0.01854601	0.004555908
D006262	genus	1926253	2	0.031148025	0.031148025	0.038705763
D006262	genus	1930856	2	0.05887185	0.05887185	0.044133956
D006262	genus	1940855	2	0.037309442	0.037309442	0.02346756
D006262	genus	2036011	2	0.021818338	0.021818338	0.001131147
D006262	genus	2058169	2	0.047288188	0.047288188	0.051733313
D006262	genus	2058174	2	0.012268114	0.012268114	0.003016246
D006262	genus	2070443	2	0.001610886	0.001610886	0.000211238
D006262	genus	2083192	2	0.013879956	0.013879956	0.000709977
D006262	genus	2152899	2	0.03206373	0.03206373	0.004959053
D006262	genus	2282742	2	0.019650853	0.019650853	0.009741705
D006262	genus	2303321	2	0.003075001	0.003075001	0.003075913
D006262	genus	2563783	2	0.015086643	0.015086643	0.0
D006262	genus	2675232	2	0.04043504	0.04043504	0.056561471
D006262	genus	2675234	2	0.041095023	0.041095023	0.056985725
D006262	genus	2762318	2	0.016826859	0.016826859	0.017242508
D006262	genus	2767358	2	0.004135001	0.004135001	0.000883882
D006262	genus	2815776	2	0.012520693	0.012520693	0.01369057
D006262	genus	2827482	2	0.003365	0.003365	0.001463711
D006262	genus	2837510	2	0.047840005	0.047840005	0.058986854
D006262	genus	2901189	2	0.017812538	0.017812538	0.022729967
D006262	genus	2930384	2	0.006010002	0.006010002	0.008301436
D006262	genus	2974369	2	0.031649278	0.031649278	0.000643474
D006262	genus	2994443	2	0.153150092	0.153150092	0.215257576
D006262	genus	3109381	2	0.03058993	0.03058993	0.004328456
D006262	genus	31	1	0.011810791	0.011810791	
D006262	genus	71	1	0.647400387	0.647400387	
D006262	genus	96	1	0.015810277	0.015810277	
D006262	genus	187	1	0.013484964	0.013484964	
D006262	genus	262	1	0.022129769	0.022129769	
D006262	genus	356	1	0.009418413	0.009418413	
D006262	genus	429	1	0.130472036	0.130472036	
D006262	genus	506	1	0.013662758	0.013662758	
D006262	genus	541	1	0.025420713	0.025420713	
D006262	genus	768	1	0.023917723	0.023917723	
D006262	genus	773	1	0.054164661	0.054164661	
D006262	genus	868	1	0.054762206	0.054762206	
D006262	genus	890	1	0.127855438	0.127855438	
D006262	genus	1023	1	0.005067653	0.005067653	
D006262	genus	1125	1	0.050058401	0.050058401	
D006262	genus	1163	1	0.002800063	0.002800063	
D006262	genus	1754	1	0.015217226	0.015217226	
D006262	genus	2056	1	0.003820065	0.003820065	
D006262	genus	2063	1	0.013084724	0.013084724	
D006262	genus	2192	1	0.014546865	0.014546865	
D006262	genus	2249	1	2.93255132	2.93255132	
D006262	genus	2289	1	0.002726133	0.002726133	
D006262	genus	2368	1	0.025670646	0.025670646	
D006262	genus	2422	1	0.011141441	0.011141441	
D006262	genus	2733	1	0.00704012	0.00704012	
D006262	genus	5498	1	0.121369988	0.121369988	
D006262	genus	5531	1	0.005202462	0.005202462	
D006262	genus	28033	1	0.088066931	0.088066931	
D006262	genus	28250	1	0.015072347	0.015072347	
D006262	genus	28905	1	0.015578751	0.015578751	
D006262	genus	31265	1	0.024101225	0.024101225	
D006262	genus	32014	1	0.024021139	0.024021139	
D006262	genus	32068	1	0.018186778	0.018186778	
D006262	genus	32443	1	0.032359841	0.032359841	
D006262	genus	33001	1	0.027567195	0.027567195	
D006262	genus	33886	1	0.090111352	0.090111352	
D006262	genus	33926	1	0.003735874	0.003735874	
D006262	genus	33973	1	0.032239865	0.032239865	
D006262	genus	34067	1	0.051103843	0.051103843	
D006262	genus	34100	1	0.233892597	0.233892597	
D006262	genus	35800	1	0.003875318	0.003875318	
D006262	genus	40222	1	0.002977298	0.002977298	
D006262	genus	40413	1	0.086824398	0.086824398	
D006262	genus	40635	1	0.011423784	0.011423784	
D006262	genus	40657	1	0.176939735	0.176939735	
D006262	genus	44258	1	0.013832215	0.013832215	
D006262	genus	44261	1	0.071909928	0.071909928	
D006262	genus	44262	1	0.0090009	0.0090009	
D006262	genus	45106	1	0.00756859	0.00756859	
D006262	genus	46352	1	0.021455084	0.021455084	
D006262	genus	46466	1	0.067834935	0.067834935	
D006262	genus	48461	1	0.004863222	0.004863222	
D006262	genus	49184	1	0.064004096	0.064004096	
D006262	genus	50714	1	0.162683874	0.162683874	
D006262	genus	51366	1	0.230388204	0.230388204	
D006262	genus	53318	1	0.002583545	0.002583545	
D006262	genus	53355	1	0.03639251	0.03639251	
D006262	genus	54293	1	1.096892139	1.096892139	
D006262	genus	54298	1	0.010499999	0.010499999	
D006262	genus	56054	1	0.064217827	0.064217827	
D006262	genus	63132	1	0.029240479	0.029240479	
D006262	genus	65047	1	0.00034	0.00034	
D006262	genus	66862	1	0.0062145	0.0062145	
D006262	genus	72274	1	0.020715371	0.020715371	
D006262	genus	73778	1	0.097677447	0.097677447	
D006262	genus	75687	1	0.008386916	0.008386916	
D006262	genus	76632	1	0.023359028	0.023359028	
D006262	genus	76892	1	0.125283846	0.125283846	
D006262	genus	78553	1	0.003495587	0.003495587	
D006262	genus	82800	1	0.049034631	0.049034631	
D006262	genus	82986	1	0.012784454	0.012784454	
D006262	genus	83681	1	0.01552554	0.01552554	
D006262	genus	83766	1	0.163848089	0.163848089	
D006262	genus	83768	1	0.005167091	0.005167091	
D006262	genus	84566	1	0.02340687	0.02340687	
D006262	genus	84642	1	0.024368451	0.024368451	
D006262	genus	85013	1	0.031285848	0.031285848	
D006262	genus	85016	1	0.013723068	0.013723068	
D006262	genus	85023	1	0.01193824	0.01193824	
D006262	genus	85025	1	0.013180093	0.013180093	
D006262	genus	88358	1	3.921568627	3.921568627	
D006262	genus	88875	1	1.605378705	1.605378705	
D006262	genus	89583	1	1.273128501	1.273128501	
D006262	genus	90627	1	0.051710128	0.051710128	
D006262	genus	99906	1	0.002122917	0.002122917	
D006262	genus	104264	1	0.00129017	0.00129017	
D006262	genus	106591	1	0.005568342	0.005568342	
D006262	genus	109166	1	0.514138817	0.514138817	
D006262	genus	115782	1	0.041934582	0.041934582	
D006262	genus	119044	1	0.046503817	0.046503817	
D006262	genus	119060	1	0.023416462	0.023416462	
D006262	genus	120961	1	0.064100778	0.064100778	
D006262	genus	122277	1	0.116646082	0.116646082	
D006262	genus	125369	1	0.097712988	0.097712988	
D006262	genus	127457	1	0.005067653	0.005067653	
D006262	genus	129001	1	0.019904459	0.019904459	
D006262	genus	140625	1	0.155830923	0.155830923	
D006262	genus	145260	1	0.006005285	0.006005285	
D006262	genus	146935	1	0.069161076	0.069161076	
D006262	genus	152053	1	0.016098986	0.016098986	
D006262	genus	157226	1	0.090664716	0.090664716	
D006262	genus	158483	1	0.011489999	0.011489999	
D006262	genus	158851	1	0.03432001	0.03432001	
D006262	genus	158876	1	0.008659999	0.008659999	
D006262	genus	161668	1	0.009118887	0.009118887	
D006262	genus	168694	1	0.043038519	0.043038519	
D006262	genus	180541	1	0.514138817	0.514138817	
D006262	genus	183669	1	0.054406964	0.054406964	
D006262	genus	186822	1	0.012762427	0.012762427	
D006262	genus	186829	1	0.025477243	0.025477243	
D006262	genus	187492	1	0.026350461	0.026350461	
D006262	genus	194195	1	0.039268044	0.039268044	
D006262	genus	196079	1	0.16648079	0.16648079	
D006262	genus	203522	1	0.010707211	0.010707211	
D006262	genus	205889	1	0.058038305	0.058038305	
D006262	genus	212744	1	22.3518112	22.3518112	
D006262	genus	218204	1	0.146717203	0.146717203	
D006262	genus	224459	1	0.020698696	0.020698696	
D006262	genus	225143	1	0.000130118	0.000130118	
D006262	genus	228398	1	0.079921854	0.079921854	
D006262	genus	231683	1	0.010135306	0.010135306	
D006262	genus	235888	1	0.018615041	0.018615041	
D006262	genus	236052	1	0.009168844	0.009168844	
D006262	genus	237444	1	0.09699321	0.09699321	
D006262	genus	245876	1	0.025007085	0.025007085	
D006262	genus	252965	1	0.013832215	0.013832215	
D006262	genus	253255	1	0.067732322	0.067732322	
D006262	genus	254250	1	0.278501482	0.278501482	
D006262	genus	263066	1	0.007194555	0.007194555	
D006262	genus	265976	1	0.020660014	0.020660014	
D006262	genus	267408	1	0.009968677	0.009968677	
D006262	genus	267986	1	0.005167091	0.005167091	
D006262	genus	278082	1	0.002237988	0.002237988	
D006262	genus	286104	1	0.07103534	0.07103534	
D006262	genus	292635	1	0.006951847	0.006951847	
D006262	genus	292637	1	0.037064492	0.037064492	
D006262	genus	293088	1	0.001049334	0.001049334	
D006262	genus	301297	1	0.006458863	0.006458863	
D006262	genus	307586	1	0.136116152	0.136116152	
D006262	genus	312063	1	0.062244969	0.062244969	
D006262	genus	331971	1	0.019904459	0.019904459	
D006262	genus	338190	1	0.018445323	0.018445323	
D006262	genus	342658	1	0.029898116	0.029898116	
D006262	genus	360239	1	0.038587691	0.038587691	
D006262	genus	360731	1	0.013978194	0.013978194	
D006262	genus	365032	1	0.004873413	0.004873413	
D006262	genus	367188	1	0.006278942	0.006278942	
D006262	genus	373984	1	0.053413097	0.053413097	
D006262	genus	390846	1	0.005167091	0.005167091	
D006262	genus	397456	1	0.00083	0.00083	
D006262	genus	407217	1	0.012904891	0.012904891	
D006262	genus	414367	1	0.015501272	0.015501272	
D006262	genus	414878	1	0.017967838	0.017967838	
D006262	genus	427077	1	0.003979413	0.003979413	
D006262	genus	427922	1	0.022520832	0.022520832	
D006262	genus	427925	1	0.040633889	0.040633889	
D006262	genus	429014	1	1.258992806	1.258992806	
D006262	genus	442431	1	0.017555152	0.017555152	
D006262	genus	442869	1	0.036343304	0.036343304	
D006262	genus	444888	1	0.050160268	0.050160268	
D006262	genus	447678	1	0.002583545	0.002583545	
D006262	genus	448125	1	0.002583545	0.002583545	
D006262	genus	449810	1	0.024709661	0.024709661	
D006262	genus	451373	1	0.004873413	0.004873413	
D006262	genus	451512	1	0.002279722	0.002279722	
D006262	genus	453161	1	0.029898116	0.029898116	
D006262	genus	455358	1	0.012762427	0.012762427	
D006262	genus	457476	1	0.030289262	0.030289262	
D006262	genus	471798	1	0.001734154	0.001734154	
D006262	genus	471824	1	0.002726133	0.002726133	
D006262	genus	475794	1	0.022611645	0.022611645	
D006262	genus	478070	1	0.007539393	0.007539393	
D006262	genus	481445	1	0.089651639	0.089651639	
D006262	genus	484508	1	0.003680001	0.003680001	
D006262	genus	497742	1	0.010428616	0.010428616	
D006262	genus	499228	1	0.004225114	0.004225114	
D006262	genus	499551	1	0.009030976	0.009030976	
D006262	genus	500577	1	0.011064803	0.011064803	
D006262	genus	500614	1	0.01725427	0.01725427	
D006262	genus	504465	1	0.100556931	0.100556931	
D006262	genus	515417	1	1.349141455	1.349141455	
D006262	genus	516086	1	0.027446137	0.027446137	
D006262	genus	526862	1	0.017233951	0.017233951	
D006262	genus	543314	1	0.002431611	0.002431611	
D006262	genus	551771	1	0.003875318	0.003875318	
D006262	genus	552511	1	0.078277886	0.078277886	
D006262	genus	558415	1	0.042621204	0.042621204	
D006262	genus	563843	1	0.010482455	0.010482455	
D006262	genus	573139	1	0.04743083	0.04743083	
D006262	genus	574347	1	0.010334182	0.010334182	
D006262	genus	623282	1	0.096680632	0.096680632	
D006262	genus	643701	1	0.006113341	0.006113341	
D006262	genus	649460	1	0.005067653	0.005067653	
D006262	genus	651660	1	0.082955778	0.082955778	
D006262	genus	651700	1	0.019143641	0.019143641	
D006262	genus	659693	1	0.041430742	0.041430742	
D006262	genus	690621	1	0.089336992	0.089336992	
D006262	genus	697279	1	3.743315508	3.743315508	
D006262	genus	747294	1	0.152144654	0.152144654	
D006262	genus	749880	1	0.004632257	0.004632257	
D006262	genus	767891	1	0.010836506	0.010836506	
D006262	genus	795748	1	0.012762427	0.012762427	
D006262	genus	866673	1	1.009775486	1.009775486	
D006262	genus	886360	1	0.018398841	0.018398841	
D006262	genus	889388	1	0.29579582	0.29579582	
D006262	genus	904708	1	0.011796974	0.011796974	
D006262	genus	908623	1	0.003905182	0.003905182	
D006262	genus	908935	1	0.025490105	0.025490105	
D006262	genus	929812	1	0.005100001	0.005100001	
D006262	genus	984996	1	0.276809514	0.276809514	
D006262	genus	985001	1	0.006340002	0.006340002	
D006262	genus	995014	1	1.187262607	1.187262607	
D006262	genus	999506	1	0.117198945	0.117198945	
D006262	genus	1007082	1	0.008774495	0.008774495	
D006262	genus	1017183	1	0.094811868	0.094811868	
D006262	genus	1032526	1	0.02558199	0.02558199	
D006262	genus	1042315	1	0.000946883	0.000946883	
D006262	genus	1078860	1	0.070107791	0.070107791	
D006262	genus	1096776	1	0.188797986	0.188797986	
D006262	genus	1097466	1	0.018976052	0.018976052	
D006262	genus	1122283	1	0.009030976	0.009030976	
D006262	genus	1123044	1	0.003139471	0.003139471	
D006262	genus	1123967	1	0.013832215	0.013832215	
D006262	genus	1125862	1	0.003793987	0.003793987	
D006262	genus	1130266	1	1.096892139	1.096892139	
D006262	genus	1143004	1	0.065595277	0.065595277	
D006262	genus	1147735	1	0.042930738	0.042930738	
D006262	genus	1156568	1	0.010523546	0.010523546	
D006262	genus	1161125	1	0.118873446	0.118873446	
D006262	genus	1177738	1	0.021579629	0.021579629	
D006262	genus	1182780	1	0.005167091	0.005167091	
D006262	genus	1187078	1	0.017066788	0.017066788	
D006262	genus	1191515	1	0.012782147	0.012782147	
D006262	genus	1195526	1	0.019071837	0.019071837	
D006262	genus	1196657	1	0.004343514	0.004343514	
D006262	genus	1200923	1	15.70945946	15.70945946	
D006262	genus	1221209	1	0.005167091	0.005167091	
D006262	genus	1223423	1	0.077175381	0.077175381	
D006262	genus	1233041	1	0.155189137	0.155189137	
D006262	genus	1234545	1	0.292141396	0.292141396	
D006262	genus	1235438	1	0.003265146	0.003265146	
D006262	genus	1237108	1	0.003350682	0.003350682	
D006262	genus	1241326	1	0.004831281	0.004831281	
D006262	genus	1245590	1	0.001616371	0.001616371	
D006262	genus	1297562	1	0.017461911	0.017461911	
D006262	genus	1335631	1	0.022129606	0.022129606	
D006262	genus	1341120	1	0.002167301	0.002167301	
D006262	genus	1347386	1	0.16648079	0.16648079	
D006262	genus	1364858	1	0.013810247	0.013810247	
D006262	genus	1383890	1	0.009167023	0.009167023	
D006262	genus	1397106	1	0.020668363	0.020668363	
D006262	genus	1400054	1	0.006899565	0.006899565	
D006262	genus	1400055	1	0.007905138	0.007905138	
D006262	genus	1400059	1	5e-05	5e-05	
D006262	genus	1400827	1	0.005067653	0.005067653	
D006262	genus	1403714	1	0.023001196	0.023001196	
D006262	genus	1434017	1	0.016793045	0.016793045	
D006262	genus	1434018	1	0.01136087	0.01136087	
D006262	genus	1434037	1	0.002693951	0.002693951	
D006262	genus	1434045	1	0.008386916	0.008386916	
D006262	genus	1445609	1	0.017694865	0.017694865	
D006262	genus	1465824	1	0.013348462	0.013348462	
D006262	genus	1486725	1	0.00731012	0.00731012	
D006262	genus	1502303	1	0.019305019	0.019305019	
D006262	genus	1502725	1	0.021673012	0.021673012	
D006262	genus	1508537	1	0.026462027	0.026462027	
D006262	genus	1509243	1	0.00731012	0.00731012	
D006262	genus	1511648	1	0.022970319	0.022970319	
D006262	genus	1511649	1	0.205098154	0.205098154	
D006262	genus	1518149	1	0.071398822	0.071398822	
D006262	genus	1535192	1	0.021960136	0.021960136	
D006262	genus	1535207	1	0.063811685	0.063811685	
D006262	genus	1553902	1	0.013269639	0.013269639	
D006262	genus	1609627	1	0.055147059	0.055147059	
D006262	genus	1617886	1	0.011625954	0.011625954	
D006262	genus	1634949	1	0.040962022	0.040962022	
D006262	genus	1648505	1	0.037089237	0.037089237	
D006262	genus	1649268	1	0.01452011	0.01452011	
D006262	genus	1649456	1	0.021579629	0.021579629	
D006262	genus	1649470	1	0.44200375	0.44200375	
D006262	genus	1649473	1	0.01342076	0.01342076	
D006262	genus	1649477	1	0.019442014	0.019442014	
D006262	genus	1649478	1	0.011625954	0.011625954	
D006262	genus	1649482	1	0.136239782	0.136239782	
D006262	genus	1649483	1	0.094132413	0.094132413	
D006262	genus	1649487	1	0.022379709	0.022379709	
D006262	genus	1649510	1	0.021256696	0.021256696	
D006262	genus	1649514	1	0.00349006	0.00349006	
D006262	genus	1652133	1	0.01873762	0.01873762	
D006262	genus	1653176	1	0.41880329	0.41880329	
D006262	genus	1654741	1	0.009030976	0.009030976	
D006262	genus	1654931	1	0.013726241	0.013726241	
D006262	genus	1654934	1	0.177908416	0.177908416	
D006262	genus	1655429	1	0.010135306	0.010135306	
D006262	genus	1676125	1	0.02407608	0.02407608	
D006262	genus	1676650	1	0.027548209	0.027548209	
D006262	genus	1677050	1	0.033934458	0.033934458	
D006262	genus	1706036	1	0.02315887	0.02315887	
D006262	genus	1738651	1	0.012281373	0.012281373	
D006262	genus	1742983	1	0.028761804	0.028761804	
D006262	genus	1748764	1	0.03096934	0.03096934	
D006262	genus	1755817	1	0.21079258	0.21079258	
D006262	genus	1758230	1	0.009176417	0.009176417	
D006262	genus	1763452	1	0.276809514	0.276809514	
D006262	genus	1763546	1	0.00156	0.00156	
D006262	genus	1771355	1	0.042948738	0.042948738	
D006262	genus	1774136	1	0.024117307	0.024117307	
D006262	genus	1775292	1	0.019305019	0.019305019	
D006262	genus	1775685	1	0.039138943	0.039138943	
D006262	genus	1780122	1	0.054481068	0.054481068	
D006262	genus	1780299	1	0.005067653	0.005067653	
D006262	genus	1792303	1	0.019904459	0.019904459	
D006262	genus	1794910	1	0.329655236	0.329655236	
D006262	genus	1813600	1	0.105925361	0.105925361	
D006262	genus	1847386	1	8.333333333	8.333333333	
D006262	genus	1868329	1	0.158943636	0.158943636	
D006262	genus	1868332	1	0.083392574	0.083392574	
D006262	genus	1884934	1	0.075196047	0.075196047	
D006262	genus	1892254	1	0.00393693	0.00393693	
D006262	genus	1903858	1	0.029898116	0.029898116	
D006262	genus	1914229	1	0.008577065	0.008577065	
D006262	genus	1914457	1	0.051924931	0.051924931	
D006262	genus	1955420	1	0.003139471	0.003139471	
D006262	genus	1964366	1	0.001574506	0.001574506	
D006262	genus	1983114	1	0.012762427	0.012762427	
D006262	genus	2005375	1	4.347826087	4.347826087	
D006262	genus	2014233	1	0.005435373	0.005435373	
D006262	genus	2025617	1	0.015501272	0.015501272	
D006262	genus	2029859	1	0.002329184	0.002329184	
D006262	genus	2036025	1	0.031620553	0.031620553	
D006262	genus	2038697	1	0.017555152	0.017555152	
D006262	genus	2039723	1	0.006458863	0.006458863	
D006262	genus	2049912	1	0.077351485	0.077351485	
D006262	genus	2051044	1	0.088339223	0.088339223	
D006262	genus	2059848	1	0.0049716	0.0049716	
D006262	genus	2094023	1	0.00042	0.00042	
D006262	genus	2211635	1	0.085313833	0.085313833	
D006262	genus	2304693	1	0.000110002	0.000110002	
D006262	genus	2307008	1	0.056130011	0.056130011	
D006262	genus	2338561	1	0.00011	0.00011	
D006262	genus	2448023	1	0.025590047	0.025590047	
D006262	genus	2596745	1	0.020405693	0.020405693	
D006262	genus	2663134	1	0.000750333	0.000750333	
D006262	genus	2709671	1	0.00029	0.00029	
D006262	genus	2756312	1	0.00014	0.00014	
D006262	genus	2767878	1	0.002220328	0.002220328	
D006262	genus	2772226	1	0.02766443	0.02766443	
D006262	genus	2800373	1	0.00014	0.00014	
D006262	genus	2800384	1	0.000280124	0.000280124	
D006262	genus	2802295	1	0.00108	0.00108	
D006262	genus	2814934	1	0.01701999	0.01701999	
D006262	genus	2815784	1	0.004199594	0.004199594	
D006262	genus	2821832	1	0.006436525	0.006436525	
D006262	genus	2837506	1	0.2164	0.2164	
D006262	genus	2862142	1	0.003179999	0.003179999	
D006262	genus	2883512	1	0.248384352	0.248384352	
D006262	genus	2888809	1	0.00371	0.00371	
D006262	genus	2893100	1	0.002130001	0.002130001	
D006262	genus	2897177	1	0.055328861	0.055328861	
D006262	genus	2903106	1	0.001230001	0.001230001	
D006262	genus	2916674	1	0.010837171	0.010837171	
D006262	genus	2919589	1	0.00078	0.00078	
D006262	genus	2941493	1	0.003535969	0.003535969	
D006262	genus	2975520	1	0.006899565	0.006899565	
D006262	genus	2992720	1	0.31734	0.31734	
D006262	genus	2995234	1	0.034733376	0.034733376	
D006262	genus	3071915	1	0.042628499	0.042628499	
D006262	genus	3072870	1	0.005167091	0.005167091	
D006262	genus	3120754	1	0.035448423	0.035448423	
D006262	genus	3373482	1	0.004334602	0.004334602	
